name,package,category,version,license,apk_url,apk_size,source_code,fdroid_page
< polycule >,business.braid.polycule,Internet,0.3.4,EUPL-1.2,https://f-droid.org/repo/business.braid.polycule_344.apk,84874681,https://gitlab.com/polycule_client/polycule,https://f-droid.org/en/packages/business.braid.polycule/
Ad-Free,ch.abertschi.adfree,Internet,4.0,Apache-2.0,https://f-droid.org/repo/ch.abertschi.adfree_50.apk,4185481,https://github.com/abertschi/ad-free,https://f-droid.org/en/packages/ch.abertschi.adfree/
AELF - Bible and day's reading,co.epitre.aelf_lectures,Internet,2.10.0,MIT,https://f-droid.org/repo/co.epitre.aelf_lectures_86.apk,9991828,https://github.com/HackMyChurch/aelf-dailyreadings,https://f-droid.org/en/packages/co.epitre.aelf_lectures/
AF Weather Widget,net.gitsaibot.af,Internet,3.2,CC0-1.0,https://f-droid.org/repo/net.gitsaibot.af_23.apk,14641961,https://github.com/Gitsaibot/AF-Weather-Widget,https://f-droid.org/en/packages/net.gitsaibot.af/
AG Store,org.strawberryforum.argentum,Internet,0.2.2a,Unlicense,https://f-droid.org/repo/org.strawberryforum.argentum_5.apk,2535141,https://github.com/huckleberrypie/Argentum,https://f-droid.org/en/packages/org.strawberryforum.argentum/
AirMessage,me.tagavari.airmessage,Internet,3.5.2-fdroid,Apache-2.0,https://f-droid.org/repo/me.tagavari.airmessage_139.apk,17652321,https://github.com/airmessage/airmessage-android,https://f-droid.org/en/packages/me.tagavari.airmessage/
Akvo RSR Up,org.akvo.rsr.up,Internet,2.0.0,AGPL-3.0-only,https://f-droid.org/repo/org.akvo.rsr.up_36.apk,2914157,https://github.com/akvo/akvo-rsr-up,https://f-droid.org/en/packages/org.akvo.rsr.up/
Alovoa,com.alovoa.expo,Internet,2.4.1,MPL-2.0,https://f-droid.org/repo/com.alovoa.expo_50.apk,92389533,https://github.com/Alovoa/alovoa-expo,https://f-droid.org/en/packages/com.alovoa.expo/
AMARadio,com.ounben.amaradio,Internet,1.37,GPL-3.0-only,https://f-droid.org/repo/com.ounben.amaradio_159.apk,39401051,https://github.com/ounben/AMARadio,https://f-droid.org/en/packages/com.ounben.amaradio/
Amber,com.greenart7c3.nostrsigner,Internet,6.6.5,MIT,https://f-droid.org/repo/com.greenart7c3.nostrsigner_207.apk,37991486,https://github.com/greenart7c3/Amber,https://f-droid.org/en/packages/com.greenart7c3.nostrsigner/
Amethyst,com.vitorpamplona.amethyst,Internet,1.16.0,MIT,https://f-droid.org/repo/com.vitorpamplona.amethyst_461.apk,98655166,https://github.com/vitorpamplona/amethyst,https://f-droid.org/en/packages/com.vitorpamplona.amethyst/
AndStatus,org.andstatus.app,Internet,62.03,Apache-2.0,https://f-droid.org/repo/org.andstatus.app_370.apk,8944313,https://github.com/andstatus/andstatus,https://f-droid.org/en/packages/org.andstatus.app/
Anecdote,io.gresse.hugo.anecdote,Internet,1.1.5,Apache-2.0,https://f-droid.org/repo/io.gresse.hugo.anecdote_23.apk,1896431,https://github.com/HugoGresse/Anecdote,https://f-droid.org/en/packages/io.gresse.hugo.anecdote/
AniHyou - AniList client,com.axiel7.anihyou,Internet,1.6.1,GPL-3.0-only,https://f-droid.org/repo/com.axiel7.anihyou_128.apk,5981196,https://github.com/axiel7/AniHyou-android,https://f-droid.org/en/packages/com.axiel7.anihyou/
another.im,im.narayana.another,Internet,1.2.1,GPL-3.0-only,https://f-droid.org/repo/im.narayana.another_504.apk,35171229,https://dev.narayana.im/narayana/anotherim,https://f-droid.org/en/packages/im.narayana.another/
ArcaneChat,chat.delta.lite,Internet,2.59.2,GPL-3.0-only,https://f-droid.org/repo/chat.delta.lite_300007544.apk,25901854,https://github.com/ArcaneChat/android,https://f-droid.org/en/packages/chat.delta.lite/
ArchWiki Viewer,com.jtmcn.archwiki.viewer,Internet,1.0.14,Apache-2.0,https://f-droid.org/repo/com.jtmcn.archwiki.viewer_15.apk,1672470,https://github.com/kevinhinterlong/archwiki-viewer,https://f-droid.org/en/packages/com.jtmcn.archwiki.viewer/
Aria2Android,com.gianlu.aria2android,Internet,2.7.0,GPL-3.0-only,https://f-droid.org/repo/com.gianlu.aria2android_77.apk,68415135,https://github.com/devgianlu/Aria2Android,https://f-droid.org/en/packages/com.gianlu.aria2android/
Arso Vreme,com.julij.arsovreme,Internet,1.1,GPL-3.0-only,https://f-droid.org/repo/com.julij.arsovreme_2.apk,4706727,https://github.com/pro1mantis/ArsoVreme-webapp,https://f-droid.org/en/packages/com.julij.arsovreme/
aTalk,org.atalk.android,Internet,6.5.1,Apache-2.0,https://f-droid.org/repo/org.atalk.android_605010.apk,59418775,https://github.com/cmeng-git/atalk-android,https://f-droid.org/en/packages/org.atalk.android/
atop,com.atop,Internet,1.0.0,GPL-3.0-or-later,https://f-droid.org/repo/com.atop_1.apk,23732617,https://github.com/HassanHeydariNasab/atop-react-native,https://f-droid.org/en/packages/com.atop/
Audile,com.mrsep.musicrecognizer,Internet,1.18.5,GPL-3.0-or-later,https://f-droid.org/repo/com.mrsep.musicrecognizer_49.apk,8733121,https://github.com/AudileTeam/Audile,https://f-droid.org/en/packages/com.mrsep.musicrecognizer/
AusweisApp,com.governikus.ausweisapp2,Internet,2.5.5,EUPL-1.2,https://f-droid.org/repo/com.governikus.ausweisapp2_339.apk,52274611,https://github.com/Governikus/AusweisApp2,https://f-droid.org/en/packages/com.governikus.ausweisapp2/
baresip,com.tutpro.baresip,Internet,91.1.2,BSD-3-Clause,https://f-droid.org/repo/com.tutpro.baresip_556.apk,24572911,https://github.com/juha-h/baresip-studio,https://f-droid.org/en/packages/com.tutpro.baresip/
baresip+,com.tutpro.baresip.plus,Internet,80.1.2,BSD-3-Clause,https://f-droid.org/repo/com.tutpro.baresip.plus_314.apk,104339570,https://github.com/juha-h/baresip-studio,https://f-droid.org/en/packages/com.tutpro.baresip.plus/
Based Cooking,np.com.binabh.basedcooking,Internet,1.0.3,CC0-1.0,https://f-droid.org/repo/np.com.binabh.basedcooking_4.apk,24984925,https://github.com/Binabh/based-cooking-app,https://f-droid.org/en/packages/np.com.binabh.basedcooking/
Better Schedule (Bakaláři),cz.vitskalicky.lepsirozvrh,Internet,2.0.2,GPL-3.0-only,https://f-droid.org/repo/cz.vitskalicky.lepsirozvrh_48.apk,17156467,https://gitlab.com/vitSkalicky/lepsi-rozvrh,https://f-droid.org/en/packages/cz.vitskalicky.lepsirozvrh/
Better Stundenplan,in.eike.better_stundenplan,Internet,1.3.1,MIT,https://f-droid.org/repo/in.eike.better_stundenplan_7.apk,52716433,https://github.com/LarvenStein/better-stundenplan,https://f-droid.org/en/packages/in.eike.better_stundenplan/
BetterUntis,com.sapuseven.untis,Internet,5.0.0-beta04,GPL-3.0-or-later,https://f-droid.org/repo/com.sapuseven.untis_29198884.apk,6817072,https://github.com/SapuSeven/BetterUntis,https://f-droid.org/en/packages/com.sapuseven.untis/
BFBAN Assistants,com.cabbagelol.bfban,Internet,0.2.13,MIT,https://f-droid.org/repo/com.cabbagelol.bfban_523.apk,27750110,https://github.com/cabbagelol/bfban-app-mobile,https://f-droid.org/en/packages/com.cabbagelol.bfban/
Bhagavad Gita,eu.quelltext.gita,Internet,1.5,GPL-3.0-or-later,https://f-droid.org/repo/eu.quelltext.gita_6.apk,895225,https://github.com/niccokunzmann/bhagavad-gita-android/,https://f-droid.org/en/packages/eu.quelltext.gita/
Bible Verse App,ch.joshuah.bibleverseapp,Internet,1.8,GPL-3.0-only,https://f-droid.org/repo/ch.joshuah.bibleverseapp_9.apk,7287122,https://github.com/joshuabeny1999/BibleVerseApp,https://f-droid.org/en/packages/ch.joshuah.bibleverseapp/
bicyweather,de.phasenrauscher.bicyweather,Internet,1.0.20,GPL-3.0-or-later,https://f-droid.org/repo/de.phasenrauscher.bicyweather_2.apk,39360491,https://github.com/phasenrauscher/Bicyweather,https://f-droid.org/en/packages/de.phasenrauscher.bicyweather/
bilimiao,com.a10miaomiao.bilimiao,Internet,2.4.8.1,GPL-3.0-only,https://f-droid.org/repo/com.a10miaomiao.bilimiao_117.apk,32618509,https://github.com/10miaomiao/bilimiao2,https://f-droid.org/en/packages/com.a10miaomiao.bilimiao/
Binary Kitchen Doorlock,de.binary_kitchen.doorlock_app,Internet,2.5,GPL-2.0-only,https://f-droid.org/repo/de.binary_kitchen.doorlock_app_8.apk,2399119,https://github.com/binary-kitchen/doorlock-app,https://f-droid.org/en/packages/de.binary_kitchen.doorlock_app/
BombusMod,org.bombusmod,Internet,0.9.1430,GPL-2.0-only,https://f-droid.org/repo/org.bombusmod_1430.apk,4280407,https://github.com/BombusMod/BombusMod,https://f-droid.org/en/packages/org.bombusmod/
BonjourBrowser,de.wellenvogel.bonjourbrowser,Internet,1.15,MIT,https://f-droid.org/repo/de.wellenvogel.bonjourbrowser_115.apk,2167540,https://github.com/wellenvogel/BonjourBrowser,https://f-droid.org/en/packages/de.wellenvogel.bonjourbrowser/
"Box, Box!",org.brightdv.boxbox,Internet,0.10.2,GPL-3.0-or-later,https://f-droid.org/repo/org.brightdv.boxbox_41.apk,85181870,https://github.com/BrightDV/BoxBox,https://f-droid.org/en/packages/org.brightdv.boxbox/
Breezy Weather,org.breezyweather,Internet,6.2.2_freenet,LGPL-3.0-only,https://f-droid.org/repo/org.breezyweather_60202.apk,20779665,https://github.com/breezy-weather/breezy-weather,https://f-droid.org/en/packages/org.breezyweather/
BTC Map,org.btcmap,Internet,1.1.0,AGPL-3.0-or-later,https://f-droid.org/repo/org.btcmap_56.apk,66050584,https://github.com/teambtcmap/btcmap-android,https://f-droid.org/en/packages/org.btcmap/
Bunny Media Editor,eu.artectrex.bunny,Internet,6.0,GPL-3.0-or-later,https://f-droid.org/repo/eu.artectrex.bunny_804.apk,18729730,https://gitlab.shinice.net/pixeldroid/bunny,https://f-droid.org/en/packages/eu.artectrex.bunny/
Bura,com.davidtakac.bura,Internet,1.8.1,GPL-3.0-or-later,https://f-droid.org/repo/com.davidtakac.bura_18.apk,3365634,https://github.com/davidtakac/bura/,https://f-droid.org/en/packages/com.davidtakac.bura/
Cambium,dev.forgesworn.cambium,Internet,0.4.3,MIT,https://f-droid.org/repo/dev.forgesworn.cambium_13.apk,19640971,https://github.com/forgesworn/cambium,https://f-droid.org/en/packages/dev.forgesworn.cambium/
Candle,com.cosmos.candle,Internet,0.2.3,GPL-3.0-only,https://f-droid.org/repo/com.cosmos.candle_10.apk,3121104,https://gitlab.com/cosmosapps/candle,https://f-droid.org/en/packages/com.cosmos.candle/
Capy Reader,com.capyreader.app,Internet,2026.07.1212,GPL-3.0-only,https://f-droid.org/repo/com.capyreader.app_1212.apk,13978180,https://github.com/jocmp/capyreader,https://f-droid.org/en/packages/com.capyreader.app/
Cb_app: Client for using CommonBooking websites ,com.theripper.cb_app,Internet,1.0.0,MIT,https://f-droid.org/repo/com.theripper.cb_app_1.apk,26457226,https://github.com/printpagestopdf/cb_app,https://f-droid.org/en/packages/com.theripper.cb_app/
Change Detection,com.bernaferrari.changedetection,Internet,2.2,Apache-2.0,https://f-droid.org/repo/com.bernaferrari.changedetection_32.apk,3562334,https://github.com/bernaferrari/ChangeDetection,https://f-droid.org/en/packages/com.bernaferrari.changedetection/
Cheogram,com.cheogram.android,Internet,2.19.0-6+free,GPL-3.0-only,https://f-droid.org/repo/com.cheogram.android_4206504.apk,37683220,https://git.singpolyma.net/cheogram-android,https://f-droid.org/en/packages/com.cheogram.android/
Cherry,de.live.gdev.cherrymusic,Internet,1.3.11,MIT,https://f-droid.org/repo/de.live.gdev.cherrymusic_14.apk,2132773,https://github.com/gsantner/cherrymusic-android,https://f-droid.org/en/packages/de.live.gdev.cherrymusic/
CircleToSearch App,com.akslabs.circletosearch,Internet,0.5,GPL-3.0-or-later,https://f-droid.org/repo/com.akslabs.circletosearch_72.apk,8130200,https://github.com/AKS-Labs/CircleToSearch,https://f-droid.org/en/packages/com.akslabs.circletosearch/
Cirrus,org.woheller69.omweather,Internet,5.0,GPL-3.0-only,https://f-droid.org/repo/org.woheller69.omweather_50.apk,11421115,https://github.com/woheller69/omweather,https://f-droid.org/en/packages/org.woheller69.omweather/
Citrine,com.greenart7c3.citrine,Internet,3.1.1,MIT,https://f-droid.org/repo/com.greenart7c3.citrine_63.apk,48933910,https://github.com/greenart7c3/Citrine,https://f-droid.org/en/packages/com.greenart7c3.citrine/
Acrylic Paint,anupam.acrylic,Draw,2.4.1,GPL-3.0-or-later,https://f-droid.org/repo/anupam.acrylic_19.apk,542178,https://gitpull.it/source/acrylic-paint/,https://f-droid.org/en/packages/anupam.acrylic/
BabbyPaint,dev.alexjyong.babbypaint,Draw,0.1.2,GPL-3.0-only,https://f-droid.org/repo/dev.alexjyong.babbypaint_9.apk,4200307,https://github.com/alexjyong/BabbyPaint/,https://f-droid.org/en/packages/dev.alexjyong.babbypaint/
Butterfly,dev.linwood.butterfly,Draw,2.5.5,AGPL-3.0-only,https://f-droid.org/repo/dev.linwood.butterfly_192.apk,119761997,https://github.com/LinwoodDev/Butterfly,https://f-droid.org/en/packages/dev.linwood.butterfly/
BeeCount Knitting Counter,com.knirirr.beecount,Writing,2.7.6,Apache-2.0,https://f-droid.org/repo/com.knirirr.beecount_139.apk,7200562,https://github.com/knirirr/BeeCount,https://f-droid.org/en/packages/com.knirirr.beecount/
Bierverkostung,de.retujo.bierverkostung,Writing,1.2.1,Apache-2.0,https://f-droid.org/repo/de.retujo.bierverkostung_4.apk,2098013,https://bitbucket.org/jufickel/bierverkostung/src,https://f-droid.org/en/packages/de.retujo.bierverkostung/
Chinese Converter,com.iatfei.tsconverter,Writing,3.1.0,GPL-3.0-or-later,https://f-droid.org/repo/com.iatfei.tsconverter_18.apk,7302367,https://github.com/fei0316/OpenCC-android-app,https://f-droid.org/en/packages/com.iatfei.tsconverter/
CSV Editor,tech.brianrayburn.csv_editor,Writing,1.0.0,GPL-3.0-only,https://f-droid.org/repo/tech.brianrayburn.csv_editor_13.apk,16342224,https://codeberg.org/bgrayburn/csv-editor,https://f-droid.org/en/packages/tech.brianrayburn.csv_editor/
Czech Diacritic Keyboard,cz.vitSkalicky.klavesnice,Writing,1.0,Apache-2.0,https://f-droid.org/repo/cz.vitSkalicky.klavesnice_2.apk,10610893,https://github.com/vitSkalicky/klavesnice/,https://f-droid.org/en/packages/cz.vitSkalicky.klavesnice/
A2DP Volume,a2dp.Vol,Volume,2.13.0.4,GPL-3.0-only,https://f-droid.org/repo/a2dp.Vol_169.apk,2748737,https://github.com/jroal/a2dpvolume,https://f-droid.org/en/packages/a2dp.Vol/
Dhwani - Volume Control,io.github.rajnishkmehta.dhwanicontrol,Volume,1.2.2,Apache-2.0,https://f-droid.org/repo/io.github.rajnishkmehta.dhwanicontrol_8.apk,5881352,https://github.com/RajnishKMehta/DhwaniControl,https://f-droid.org/en/packages/io.github.rajnishkmehta.dhwanicontrol/
Floating Mute,com.github.mkalmousli.floating_mute,Volume,3.0.0,GPL-3.0-only,https://f-droid.org/repo/com.github.mkalmousli.floating_mute_3.apk,949955,https://github.com/mkalmousli/FloatingMute,https://f-droid.org/en/packages/com.github.mkalmousli.floating_mute/
CloudSound - SoundCloud facilitator for Podcini.A,ac.amalfi.cloudsound,Podcast,1.0.5,GPL-3.0-only,https://f-droid.org/repo/ac.amalfi.cloudsound_6.apk,2294036,https://github.com/XilinJia/CloudSound,https://f-droid.org/en/packages/ac.amalfi.cloudsound/
Freies Radio,de.radiozeit.freiesradio.fdroid,Podcast,1.0.4,GPL-3.0-only,https://f-droid.org/repo/de.radiozeit.freiesradio.fdroid_233.apk,24263347,https://github.com/mixdtv/freies-radio-app,https://f-droid.org/en/packages/de.radiozeit.freiesradio.fdroid/
PeerPop - PeerTube facilitator for Podcini.A,ac.ella.peerpop,Podcast,1.1.6,GPL-3.0-only,https://f-droid.org/repo/ac.ella.peerpop_9.apk,2294032,https://github.com/XilinJia/PeerPop,https://f-droid.org/en/packages/ac.ella.peerpop/
Accordion,org.billthefarmer.accordion,Multimedia,1.22,GPL-3.0-only,https://f-droid.org/repo/org.billthefarmer.accordion_122.apk,7339861,https://github.com/billthefarmer/accordion,https://f-droid.org/en/packages/org.billthefarmer.accordion/
Aerial,com.shapeshed.aerial,Multimedia,0.7.0,Apache-2.0,https://f-droid.org/repo/com.shapeshed.aerial_17.apk,11805101,https://github.com/shapeshed/aerial,https://f-droid.org/en/packages/com.shapeshed.aerial/
Alligator Bytes,org.residuum.alligator,Multimedia,0.32,MIT,https://f-droid.org/repo/org.residuum.alligator_32.apk,54029732,https://codeberg.org/Residuum/alligator-gozaimasu-app,https://f-droid.org/en/packages/org.residuum.alligator/
ANeko Reborn,org.nqmgaming.aneko,Multimedia,2.4.4,LGPL-2.1-only,https://f-droid.org/repo/org.nqmgaming.aneko_36.apk,6207703,https://github.com/pass-with-high-score/ANeko,https://f-droid.org/en/packages/org.nqmgaming.aneko/
AnimeOne,org.github.henryquan.animeone,Multimedia,1.1.8,MIT,https://f-droid.org/repo/org.github.henryquan.animeone_118.apk,23756099,https://github.com/HQAnime/AnimeOne,https://f-droid.org/en/packages/org.github.henryquan.animeone/
AniSync,com.anisync.android,Multimedia,3.2.1,GPL-3.0-only,https://f-droid.org/repo/com.anisync.android_21.apk,10310691,https://github.com/Marco-9456/AniSync,https://f-droid.org/en/packages/com.anisync.android/
AntennaPod - Podcast Player,de.danoeh.antennapod,Multimedia,3.12.2,GPL-3.0-only,https://f-droid.org/repo/de.danoeh.antennapod_3120295.apk,17749828,https://github.com/AntennaPod/AntennaPod,https://f-droid.org/en/packages/de.danoeh.antennapod/
Anytime Podcast Player,uk.me.amugofjava.anytime,Multimedia,1.3.14,BSD-3-Clause,https://f-droid.org/repo/uk.me.amugofjava.anytime_206.apk,31255329,https://github.com/amugofjava/anytime_podcast_player,https://f-droid.org/en/packages/uk.me.amugofjava.anytime/
APM,com.noxplay.noxplayer,Multimedia,4.2.0,AGPL-3.0-only,https://f-droid.org/repo/com.noxplay.noxplayer_53104.apk,77959993,https://github.com/lovegaoshi/azusa-player-mobile,https://f-droid.org/en/packages/com.noxplay.noxplayer/
Apod MD,com.jvillalba.apod.md,Multimedia,3.2.8,MIT,https://f-droid.org/repo/com.jvillalba.apod.md_11.apk,2377734,https://github.com/fighthawkarg/NasaApodMD,https://f-droid.org/en/packages/com.jvillalba.apod.md/
Artvee for Muzei,com.example.muzei.muzeiartvee,Multimedia,1.0.0,GPL-3.0-or-later,https://f-droid.org/repo/com.example.muzei.muzeiartvee_6.apk,179822,https://codeberg.org/pkal/ArtveeMuzei,https://f-droid.org/en/packages/com.example.muzei.muzeiartvee/
Audio Notes,com.certified.audionote,Multimedia,0.1.5.2,Apache-2.0,https://f-droid.org/repo/com.certified.audionote_7.apk,7468236,https://github.com/certified84/AudioNote,https://f-droid.org/en/packages/com.certified.audionote/
Audio Recorder,com.dimowner.audiorecorder,Multimedia,2.4.0,Apache-2.0,https://f-droid.org/repo/com.dimowner.audiorecorder_949.apk,4254404,https://github.com/Dimowner/AudioRecorder,https://f-droid.org/en/packages/com.dimowner.audiorecorder/
Audio Source,fr.dzx.audiosource,Multimedia,1.5,MIT,https://f-droid.org/repo/fr.dzx.audiosource_7.apk,1284104,https://github.com/gdzx/audiosource,https://f-droid.org/en/packages/fr.dzx.audiosource/
Audio Spectrum Analyzer,org.woheller69.audio_analyzer_for_android,Multimedia,3.2,Apache-2.0,https://f-droid.org/repo/org.woheller69.audio_analyzer_for_android_320.apk,1672564,https://github.com/woheller69/audio-analyzer-for-android,https://f-droid.org/en/packages/org.woheller69.audio_analyzer_for_android/
Audio Visualizer,io.github.rinoprogram.audiovisualizer,Multimedia,1.1.1,MIT,https://f-droid.org/repo/io.github.rinoprogram.audiovisualizer_14.apk,3808550,https://github.com/Rino-program/Audio-Visualizer,https://f-droid.org/en/packages/io.github.rinoprogram.audiovisualizer/
AudioMeter,com.quaap.audiometer,Multimedia,1.2,GPL-3.0-or-later,https://f-droid.org/repo/com.quaap.audiometer_3.apk,1674758,https://github.com/quaap/AudioMeter,https://f-droid.org/en/packages/com.quaap.audiometer/
AVIF Viewer,com.zoffcc.applications.avifview,Multimedia,1.0.4,Apache-2.0,https://f-droid.org/repo/com.zoffcc.applications.avifview_10004.apk,5184980,https://github.com/zoff99/libavif-android,https://f-droid.org/en/packages/com.zoffcc.applications.avifview/
Baby Dots,com.serwylo.babydots,Multimedia,1.10.0,GPL-3.0-only,https://f-droid.org/repo/com.serwylo.babydots_11000.apk,15849310,https://github.com/babydots/babydots,https://f-droid.org/en/packages/com.serwylo.babydots/
Baby Touch Lock,com.babytouchlock,Multimedia,1.0.1,GPL-3.0-or-later,https://f-droid.org/repo/com.babytouchlock_2.apk,5097120,https://github.com/dmici/baby-touch-lock,https://f-droid.org/en/packages/com.babytouchlock/
Barcode Scanner,com.atharok.barcodescanner,Multimedia,1.26.3,GPL-3.0-only,https://f-droid.org/repo/com.atharok.barcodescanner_52.apk,8308418,https://gitlab.com/Atharok/BarcodeScanner,https://f-droid.org/en/packages/com.atharok.barcodescanner/
BeatBridge: Bluetooth Music,com.beatbridge,Multimedia,1.0.61,GPL-3.0-only,https://f-droid.org/repo/com.beatbridge_6104.apk,5021747,https://github.com/brandonp2412/BeatBridge,https://f-droid.org/en/packages/com.beatbridge/
BendyStraw,rocks.mm_dev.BendyStraw,Multimedia,1.5.0,GPL-3.0-only,https://f-droid.org/repo/rocks.mm_dev.BendyStraw_63.apk,19994193,https://codeberg.org/mm-dev/bendy-straw,https://f-droid.org/en/packages/rocks.mm_dev.BendyStraw/
BiliDownOut,cn.a10miaomiao.bilidown,Multimedia,1.0,GPL-3.0-only,https://f-droid.org/repo/cn.a10miaomiao.bilidown_1004.apk,18498478,https://github.com/10miaomiao/bili-down-out,https://f-droid.org/en/packages/cn.a10miaomiao.bilidown/
Binary Eye,de.markusfisch.android.binaryeye,Multimedia,1.75.4,MIT,https://f-droid.org/repo/de.markusfisch.android.binaryeye_179.apk,8676688,https://github.com/markusfisch/BinaryEye,https://f-droid.org/en/packages/de.markusfisch.android.binaryeye/
Blink Comparison,org.proninyaroslav.blink_comparison,Multimedia,1.2.1,GPL-3.0-or-later,https://f-droid.org/repo/org.proninyaroslav.blink_comparison_5073.apk,12942231,https://github.com/proninyaroslav/blink-comparison,https://f-droid.org/en/packages/org.proninyaroslav.blink_comparison/
Bluetooth QR & Barcode to PC,dev.fabik.bluetoothhid,Multimedia,2.3.2,GPL-3.0-only,https://f-droid.org/repo/dev.fabik.bluetoothhid_60.apk,11762438,https://github.com/Fabi019/hid-barcode-scanner,https://f-droid.org/en/packages/dev.fabik.bluetoothhid/
Bluetooth Remote,com.atharok.btremote,Multimedia,1.13.0,GPL-3.0-or-later,https://f-droid.org/repo/com.atharok.btremote_27.apk,4965100,https://gitlab.com/Atharok/BtRemote,https://f-droid.org/en/packages/com.atharok.btremote/
Bouncing Logo,org.inretio.bouncinglogo,Multimedia,1.3.3,AGPL-3.0-or-later,https://f-droid.org/repo/org.inretio.bouncinglogo_6.apk,23852887,https://source.gyt.is/inretio/bouncing-logo_android,https://f-droid.org/en/packages/org.inretio.bouncinglogo/
Calibre-Web-Companion,de.doen1el.calibreWebCompanion,Multimedia,2.3.1,GPL-3.0-only,https://f-droid.org/repo/de.doen1el.calibreWebCompanion_2453.apk,36396448,https://github.com/doen1el/calibre-web-companion,https://f-droid.org/en/packages/de.doen1el.calibreWebCompanion/
Camera Date Folders,de.kromke.andreas.cameradatefolders,Multimedia,1.5.3,GPL-3.0-only,https://f-droid.org/repo/de.kromke.andreas.cameradatefolders_13.apk,2881990,https://gitlab.com/AndreasK/camera-date-folders,https://f-droid.org/en/packages/de.kromke.andreas.cameradatefolders/
CaptureCap,com.yepgoryo.CaptureCap,Multimedia,3.9.8.3,MIT,https://f-droid.org/repo/com.yepgoryo.CaptureCap_44.apk,29844094,https://github.com/yepgoryo/CaptureCap,https://f-droid.org/en/packages/com.yepgoryo.CaptureCap/
Cat Avatar Generator,com.agateau.catgenerator,Multimedia,0.2.1,Apache-2.0,https://f-droid.org/repo/com.agateau.catgenerator_3.apk,8739564,https://github.com/agateau/cat-avatar-generator-app,https://f-droid.org/en/packages/com.agateau.catgenerator/
ccgt,de.fff.ccgt,Multimedia,1.53,GPL-3.0-only,https://f-droid.org/repo/de.fff.ccgt_1153.apk,3944208,https://github.com/pterodactylus42/ccgt,https://f-droid.org/en/packages/de.fff.ccgt/
CDLC Player,eu.tilk.cdlcplayer,Multimedia,0.0.6,GPL-3.0-or-later,https://f-droid.org/repo/eu.tilk.cdlcplayer_6.apk,4431294,https://github.com/tilk/cdlc_player,https://f-droid.org/en/packages/eu.tilk.cdlcplayer/
ChemistryLab,com.chemistry.admin.chemistrylab,Multimedia,1.1,MIT,https://f-droid.org/repo/com.chemistry.admin.chemistrylab_11.apk,1824096,https://gitlab.com/flxholle/ChemistryLab,https://f-droid.org/en/packages/com.chemistry.admin.chemistrylab/
[ROOT] Night Light (KCAL),com.corphish.nightlight.generic,System,3.0.0,Apache-2.0,https://f-droid.org/repo/com.corphish.nightlight.generic_66.apk,4719816,https://github.com/corphish/NightLight,https://f-droid.org/en/packages/com.corphish.nightlight.generic/
A Whip,at.h4x.awhip,System,1.1.0,GPL-3.0-or-later,https://f-droid.org/repo/at.h4x.awhip_10100.apk,3824013,https://codeberg.org/uniqx/AWhip,https://f-droid.org/en/packages/at.h4x.awhip/
Accessibility Button Launcher,com.pedronveloso.a11ybutton,System,Beta 3,Apache-2.0,https://f-droid.org/repo/com.pedronveloso.a11ybutton_3.apk,2866816,https://github.com/pedronveloso/a11y-button-launcher-android,https://f-droid.org/en/packages/com.pedronveloso.a11ybutton/
Ad-silence,bluepie.ad_silence,System,v0.8.0-prod,GPL-3.0-only,https://f-droid.org/repo/bluepie.ad_silence_55.apk,175552,https://github.com/aghontpi/ad-silence,https://f-droid.org/en/packages/bluepie.ad_silence/
Adaptive Brightness Tile,com.rascarlo.adaptive.brightness.tile,System,0.2,GPL-3.0-only,https://f-droid.org/repo/com.rascarlo.adaptive.brightness.tile_2.apk,942769,https://github.com/rascarlo/AdaptiveBrightnessTile,https://f-droid.org/en/packages/com.rascarlo.adaptive.brightness.tile/
Adaptive Theme,dev.lexip.hecate,System,2.5.1,GPL-3.0-only,https://f-droid.org/repo/dev.lexip.hecate_139.apk,3768605,https://github.com/xLexip/Adaptive-Theme,https://f-droid.org/en/packages/dev.lexip.hecate/
ADBio,io.github.yoshi1123.adbio,System,1.0c2,GPL-3.0-only,https://f-droid.org/repo/io.github.yoshi1123.adbio_4.apk,70362,https://github.com/yoshi1123/adbio,https://f-droid.org/en/packages/io.github.yoshi1123.adbio/
AdminControl,com.davidshewitt.admincontrol,System,1.0.4,GPL-3.0-only,https://f-droid.org/repo/com.davidshewitt.admincontrol_5.apk,834480,https://github.com/linux-colonel/AdminControl,https://f-droid.org/en/packages/com.davidshewitt.admincontrol/
Always On Display Toggle,org.alberto97.aodtoggle,System,1.1.0,MIT,https://f-droid.org/repo/org.alberto97.aodtoggle_4.apk,38352,https://github.com/Alberto97/AlwaysOnDisplayToggle,https://f-droid.org/en/packages/org.alberto97.aodtoggle/
AlwaysOn | Always On Display,io.github.domi04151309.alwayson,System,3.10.0,GPL-3.0-only,https://f-droid.org/repo/io.github.domi04151309.alwayson_3100.apk,3355878,https://github.com/Domi04151309/AlwaysOn,https://f-droid.org/en/packages/io.github.domi04151309.alwayson/
AnotherMonitor,org.anothermonitor,System,3.1.1,GPL-3.0-only,https://f-droid.org/repo/org.anothermonitor_10.apk,1555100,https://github.com/AntonioRedondo/AnotherMonitor,https://f-droid.org/en/packages/org.anothermonitor/
APK Explorer & Editor,com.apk.editor,System,v0.36,GPL-3.0-or-later,https://f-droid.org/repo/com.apk.editor_36.apk,3728874,https://github.com/apk-editor/APK-Explorer-Editor,https://f-droid.org/en/packages/com.apk.editor/
Apk Extractor,axp.tool.apkextractor,System,1.4,MIT,https://f-droid.org/repo/axp.tool.apkextractor_5.apk,1439528,https://github.com/axxapy/apkExtractor,https://f-droid.org/en/packages/axp.tool.apkextractor/
App Blocker: Curbox Detox,neth.iecal.curbox,System,4-fdroid,GPL-3.0-or-later,https://f-droid.org/repo/neth.iecal.curbox_4.apk,8222246,https://github.com/nethical6/curbox,https://f-droid.org/en/packages/neth.iecal.curbox/
apps_Packages Info - Updated ApplicationsInfos (² ,com.oF2pks.applicationsinfo,System,1.7-19,Apache-2.0,https://f-droid.org/repo/com.oF2pks.applicationsinfo_19.apk,120970,https://bitbucket.org/oF2pks/fdroid-applications-info/src,https://f-droid.org/en/packages/com.oF2pks.applicationsinfo/
ArchiveKeep,org.archivekeep.ArchiveKeep,System,0.6.4,AGPL-3.0-only,https://f-droid.org/repo/org.archivekeep.ArchiveKeep_64.apk,73692691,https://github.com/archivekeep/archivekeep,https://f-droid.org/en/packages/org.archivekeep.ArchiveKeep/
Argus,dev.argus,System,0.3.4,GPL-3.0-only,https://f-droid.org/repo/dev.argus_1104.apk,48052347,https://github.com/JackRushante/argus,https://f-droid.org/en/packages/dev.argus/
aShell,in.sunilpaulmathew.ashell,System,v0.28,GPL-3.0-or-later,https://f-droid.org/repo/in.sunilpaulmathew.ashell_28.apk,2208776,https://gitlab.com/sunilpaulmathew/ashell,https://f-droid.org/en/packages/in.sunilpaulmathew.ashell/
aShell You,in.hridayan.ashell,System,v7.4.0,GPL-3.0-or-later,https://f-droid.org/repo/in.hridayan.ashell_62.apk,11490894,https://github.com/DP-Hridayan/aShellYou,https://f-droid.org/en/packages/in.hridayan.ashell/
Assistive Menu Tool,com.joaohouto.assistivemenutool,System,1.4,MIT,https://f-droid.org/repo/com.joaohouto.assistivemenutool_5.apk,1018692,https://github.com/joaohouto/assistive,https://f-droid.org/en/packages/com.joaohouto.assistivemenutool/
Audio Output Switcher,br.com.wasystems.audiooutputswitcher,System,1.0.10,MIT,https://f-droid.org/repo/br.com.wasystems.audiooutputswitcher_11.apk,98281,https://github.com/weslley75/AudioOutputSwitcher,https://f-droid.org/en/packages/br.com.wasystems.audiooutputswitcher/
Aurora Droid,com.aurora.adroid,System,2.0.1,GPL-3.0-only,https://f-droid.org/repo/com.aurora.adroid_201.apk,8069812,https://gitlab.com/AuroraOSS/auroradroid,https://f-droid.org/en/packages/com.aurora.adroid/
Auto Auto-Rotate,com.jarsilio.android.autoautorotate,System,1.2.3,GPL-3.0-only,https://f-droid.org/repo/com.jarsilio.android.autoautorotate_52.apk,3025386,https://gitlab.com/juanitobananas/auto-auto-rotate,https://f-droid.org/en/packages/com.jarsilio.android.autoautorotate/
Auto Shine,com.mine.autoshine,System,1.5,GPL-3.0-only,https://f-droid.org/repo/com.mine.autoshine_6.apk,52846,https://github.com/Valent-in/Auto-Shine,https://f-droid.org/en/packages/com.mine.autoshine/
Autostarts - Block apps from starting automaticall,com.elsdoerfer.android.autostarts,System,2.0.0,GPL-3.0-only,https://f-droid.org/repo/com.elsdoerfer.android.autostarts_33.apk,541369,https://github.com/miracle2k/android-autostarts,https://f-droid.org/en/packages/com.elsdoerfer.android.autostarts/
BackgroundWorkAround,background.work.around,System,33.0,Unlicense,https://f-droid.org/repo/background.work.around_33.apk,1586133,https://github.com/confidenseuide/BackgroundWorkAround/,https://f-droid.org/en/packages/background.work.around/
Backup (Privacy Friendly),org.secuso.privacyfriendlybackup,System,1.4.0,GPL-3.0-or-later,https://f-droid.org/repo/org.secuso.privacyfriendlybackup_10.apk,8945607,https://github.com/SecUSo/privacy-friendly-backup,https://f-droid.org/en/packages/org.secuso.privacyfriendlybackup/
Bad Pixel Detector,tk.al54.dev.badpixels,System,0.2,GPL-3.0-only,https://f-droid.org/repo/tk.al54.dev.badpixels_4.apk,13949,https://github.com/SibDev/BadPixels,https://f-droid.org/en/packages/tk.al54.dev.badpixels/
Banana Split,com.nfcarchiver.banana_split,System,0.10.0,GPL-3.0-only,https://f-droid.org/repo/com.nfcarchiver.banana_split_7.apk,30413680,https://github.com/mezinster/banana_split,https://f-droid.org/en/packages/com.nfcarchiver.banana_split/
BARIA,com.easwareapps.baria,System,1.0,GPL-3.0-only,https://f-droid.org/repo/com.easwareapps.baria_1.apk,1867896,https://gitlab.com/easwareapps/BARIA/tree/HEAD,https://f-droid.org/en/packages/com.easwareapps.baria/
Battery Tile,net.pgaskin.batterytile,System,5,MIT,https://f-droid.org/repo/net.pgaskin.batterytile_5.apk,2115321,https://github.com/pgaskin/batterytile,https://f-droid.org/en/packages/net.pgaskin.batterytile/
Battery Tool | Hibernate Unused Apps,io.github.domi04151309.batterytool,System,1.2.0,GPL-3.0-only,https://f-droid.org/repo/io.github.domi04151309.batterytool_120.apk,2120143,https://github.com/Domi04151309/BatteryTool,https://f-droid.org/en/packages/io.github.domi04151309.batterytool/
Beacon Locator,com.samebits.beacon.locator,System,1.2.2,Apache-2.0,https://f-droid.org/repo/com.samebits.beacon.locator_122.apk,2488055,https://github.com/vitas/beaconloc,https://f-droid.org/en/packages/com.samebits.beacon.locator/
Biometric Bypass,eu.rafareborn.biometricbypass,System,2.0.2,MIT,https://f-droid.org/repo/eu.rafareborn.biometricbypass_202.apk,69220,https://github.com/hxreborn/biometric-bypass,https://f-droid.org/en/packages/eu.rafareborn.biometricbypass/
BusyBox,ru.meefik.busybox,System,1.34.1,GPL-2.0-only,https://f-droid.org/repo/ru.meefik.busybox_51.apk,5934626,https://github.com/meefik/busybox,https://f-droid.org/en/packages/ru.meefik.busybox/
BusyBox Installer,com.smartpack.busyboxinstaller,System,v2.7,GPL-3.0-or-later,https://f-droid.org/repo/com.smartpack.busyboxinstaller_18.apk,4947741,https://github.com/SmartPack/BusyBox-Installer,https://f-droid.org/en/packages/com.smartpack.busyboxinstaller/
BuzzKill,ca.asmat.buzzkill,System,1.0.10,Apache-2.0,https://f-droid.org/repo/ca.asmat.buzzkill_10010.apk,9634289,https://gitlab.com/sotilrac/buzz-kill,https://f-droid.org/en/packages/ca.asmat.buzzkill/
Buran,corewala.gemini.buran,Browser,v1.12,GPL-3.0-only,https://f-droid.org/repo/corewala.gemini.buran_13.apk,2124420,https://github.com/Corewala/Buran,https://f-droid.org/en/packages/corewala.gemini.buran/
Ceno Browser: Share the Web,ie.equalit.ceno,Browser,2.11.3,MPL-2.0,https://f-droid.org/repo/ie.equalit.ceno_2020110311.apk,278259861,https://gitlab.com/ceno-app/ceno-android,https://f-droid.org/en/packages/ie.equalit.ceno/
ConsoleFlow,space.karrarnazim.ConsoleFlow,Browser,2.2.11,GPL-3.0-only,https://f-droid.org/repo/space.karrarnazim.ConsoleFlow_15.apk,3396238,https://github.com/SANDRO00O/ConsoleFlow-mobile,https://f-droid.org/en/packages/space.karrarnazim.ConsoleFlow/
Acode IDE: Terminal & AI Code,com.foxdebug.acode,Development,1.13.2,MIT,https://f-droid.org/repo/com.foxdebug.acode_1008.apk,16826562,https://github.com/deadlyjack/Acode,https://f-droid.org/en/packages/com.foxdebug.acode/
ADB Captain,adb.captain,Development,1.2,AGPL-3.0-or-later,https://f-droid.org/repo/adb.captain_3.apk,16208219,https://github.com/eatenlamp/adbcaptain,https://f-droid.org/en/packages/adb.captain/
ADBKeyBoard,com.android.adbkeyboard,Development,2.0,GPL-2.0-only,https://f-droid.org/repo/com.android.adbkeyboard_2.apk,17248,https://github.com/senzhk/ADBKeyBoard,https://f-droid.org/en/packages/com.android.adbkeyboard/
AndroidSDK easter egg showcase,com.trianguloy.isUserAMonkey,Development,2.0,CC-BY-4.0,https://f-droid.org/repo/com.trianguloy.isUserAMonkey_3.apk,91716,https://github.com/TrianguloY/isUserAMonkey,https://f-droid.org/en/packages/com.trianguloy.isUserAMonkey/
AnLinux,exa.lnx.a,Development,6.77 Stable,Apache-2.0,https://f-droid.org/repo/exa.lnx.a_677.apk,6308324,https://github.com/EXALAB/AnLinux-Adfree,https://f-droid.org/en/packages/exa.lnx.a/
Ansible Sempahore Client,org.gsmlg.semaphore,Development,1.0.0,MIT,https://f-droid.org/repo/org.gsmlg.semaphore_13.apk,39135002,https://github.com/gsmlg-dev/ansible-semaphore-client,https://f-droid.org/en/packages/org.gsmlg.semaphore/
API Flow,io.github.jeffin_v.apiflow,Development,1.0.4,MIT,https://f-droid.org/repo/io.github.jeffin_v.apiflow_5.apk,32872,https://github.com/jeffin-v/api_flow,https://f-droid.org/en/packages/io.github.jeffin_v.apiflow/
App Bundle Reporter,de.grobox.appbundlereporter,Development,0.2,GPL-3.0-or-later,https://f-droid.org/repo/de.grobox.appbundlereporter_2.apk,1389193,https://gitlab.com/grote/app-bundle-reporter,https://f-droid.org/en/packages/de.grobox.appbundlereporter/
Athena,dev.sebaubuntu.athena,Development,2.0.3,Apache-2.0,https://f-droid.org/repo/dev.sebaubuntu.athena_17.apk,9330657,https://github.com/SebaUbuntu/Athena,https://f-droid.org/en/packages/dev.sebaubuntu.athena/
Atomize,com.wrmndfzzy.atomize,Development,1.0,GPL-3.0-only,https://f-droid.org/repo/com.wrmndfzzy.atomize_1.apk,1228890,https://github.com/wrmndfzzy/Atomize,https://f-droid.org/en/packages/com.wrmndfzzy.atomize/
AURdroid,com.rascarlo.aurdroid,Development,5.0.5,GPL-3.0-only,https://f-droid.org/repo/com.rascarlo.aurdroid_21.apk,5583185,https://github.com/rascarlo/AURdroid,https://f-droid.org/en/packages/com.rascarlo.aurdroid/
AutoPie,com.autopi,Development,0.19.0-beta,Apache-2.0,https://f-droid.org/repo/com.autopi_70.apk,79448873,https://github.com/cryptrr/AutoPie,https://f-droid.org/en/packages/com.autopi/
Azi Demo,io.github.fm_elpac.azi_demo,Development,0.1.1,MIT,https://f-droid.org/repo/io.github.fm_elpac.azi_demo_3.apk,2133991,https://github.com/fm-elpac/azi,https://f-droid.org/en/packages/io.github.fm_elpac.azi_demo/
ABCore,com.greenaddress.abcore,Wallet,0.77,MIT,https://f-droid.org/repo/com.greenaddress.abcore_77.apk,1279986,https://github.com/greenaddress/abcore,https://f-droid.org/en/packages/com.greenaddress.abcore/
Android XMRig Miner,org.elijaxapps.androidxmrigminer,Wallet,1.02,GPL-3.0-or-later,https://f-droid.org/repo/org.elijaxapps.androidxmrigminer_5.apk,7369147,https://github.com/ElijaxApps-org/android-xmrig-miner/,https://f-droid.org/en/packages/org.elijaxapps.androidxmrigminer/
BitAC - Bitcoin Address Checker,ademar.bitac,Wallet,1.2.0,MIT,https://f-droid.org/repo/ademar.bitac_8.apk,3047286,https://gitlab.com/ademar111190/BitAC,https://f-droid.org/en/packages/ademar.bitac/
BitBanana,app.michaelwuensch.bitbanana,Wallet,1.0.2,MIT,https://f-droid.org/repo/app.michaelwuensch.bitbanana_80.apk,64642586,https://github.com/michaelWuensch/BitBanana,https://f-droid.org/en/packages/app.michaelwuensch.bitbanana/
Activity Launcher,de.szalkowski.activitylauncher,Launcher,2.5.0-dev,ISC,https://f-droid.org/repo/de.szalkowski.activitylauncher_20500.apk,3635897,https://github.com/butzist/ActivityLauncher,https://f-droid.org/en/packages/de.szalkowski.activitylauncher/
Alt Launcher,com.szchoiceway.aios.bridge,Launcher,1.0.6,Apache-2.0,https://f-droid.org/repo/com.szchoiceway.aios.bridge_8.apk,2891698,https://github.com/tabletradio/altlauncher,https://f-droid.org/en/packages/com.szchoiceway.aios.bridge/
Be nice,de.thomaskuenneth.benice,Launcher,2.3.0,Apache-2.0,https://f-droid.org/repo/de.thomaskuenneth.benice_162.apk,5406606,https://codeberg.org/tkuenneth/benice,https://f-droid.org/en/packages/de.thomaskuenneth.benice/
Blue Line Console,net.nhiroki.bluelineconsole,Launcher,1.2.25,Apache-2.0,https://f-droid.org/repo/net.nhiroki.bluelineconsole_44.apk,1156482,https://github.com/nhirokinet/bluelineconsole,https://f-droid.org/en/packages/net.nhiroki.bluelineconsole/
CClauncher,app.cclauncher,Launcher,v10.7.6,GPL-3.0-only,https://f-droid.org/repo/app.cclauncher_1290.apk,3341593,https://github.com/mlm-games/cclauncher,https://f-droid.org/en/packages/app.cclauncher/
Clauncher,app.clauncher,Launcher,v5.3.0,GPL-3.0-only,https://f-droid.org/repo/app.clauncher_480.apk,2073428,https://github.com/mlm-games/CLauncher,https://f-droid.org/en/packages/app.clauncher/
Couchy Launcher,com.conreo.couchytv,Launcher,1.0.6,GPL-3.0-only,https://f-droid.org/repo/com.conreo.couchytv_7.apk,2280927,https://github.com/conreo/couchy-launcher,https://f-droid.org/en/packages/com.conreo.couchytv/
Cyclauncher,dev.msbs.cyclauncher,Launcher,v1.0.0-beta.3,GPL-3.0-only,https://f-droid.org/repo/dev.msbs.cyclauncher_22.apk,14662064,https://github.com/msbluesnow/Cyclauncher,https://f-droid.org/en/packages/dev.msbs.cyclauncher/
Agent,com.mobilefork.hermesagent,AI Chat,0.13.158,MIT,https://f-droid.org/repo/com.mobilefork.hermesagent_145890.apk,349482767,https://github.com/adybag14-cyber/hermes-agent,https://f-droid.org/en/packages/com.mobilefork.hermesagent/
Agora,com.newoether.agora,AI Chat,2.1.0,MIT,https://f-droid.org/repo/com.newoether.agora_31.apk,48553937,https://github.com/newo-ether/Agora,https://f-droid.org/en/packages/com.newoether.agora/
AI Hub,com.foss.aihub,AI Chat,3.0.1,GPL-3.0-only,https://f-droid.org/repo/com.foss.aihub_14.apk,2940508,https://github.com/SilentCoderHere/aihub,https://f-droid.org/en/packages/com.foss.aihub/
Aiyo,com.beradeep.aiyo,AI Chat,1.0.9,Apache-2.0,https://f-droid.org/repo/com.beradeep.aiyo_10.apk,3813720,https://github.com/beradeep/aiyo,https://f-droid.org/en/packages/com.beradeep.aiyo/
Albi,ai.privatebydesign.albi,Health Manager,1.6.1,Apache-2.0,https://f-droid.org/repo/ai.privatebydesign.albi_103.apk,22116439,https://gitlab.com/martynbutty/healthTracker,https://f-droid.org/en/packages/ai.privatebydesign.albi/
Baby Monito,com.baldo.babymonito,Health Manager,1.0.6,GPL-3.0-or-later,https://f-droid.org/repo/com.baldo.babymonito_7.apk,18134352,https://gitlab.com/LaBaude32/bam-baby-monito,https://f-droid.org/en/packages/com.baldo.babymonito/
Blood pressure monitor,com.derdilla.bloodPressureApp,Health Manager,1.8.15,GPL-3.0-or-later,https://f-droid.org/repo/com.derdilla.bloodPressureApp_57.apk,68720235,https://github.com/derdilla/blood-pressure-monitor-fl,https://f-droid.org/en/packages/com.derdilla.bloodPressureApp/
Bluemoon,ch.nilsgrob.android.bluemoon,Health Manager,1.2.0,GPL-3.0-or-later,https://f-droid.org/repo/ch.nilsgrob.android.bluemoon_9.apk,18825811,https://gitlab.com/ngrob/bluemoon-android,https://f-droid.org/en/packages/ch.nilsgrob.android.bluemoon/
BMI Calculator,com.github.characterdog.bmicalculator,Health Manager,1.3,GPL-3.0-or-later,https://f-droid.org/repo/com.github.characterdog.bmicalculator_3.apk,2194895,https://github.com/characterdog/bmi-calculator,https://f-droid.org/en/packages/com.github.characterdog.bmicalculator/
BMI Calculator,com.zola.bmi,Health Manager,4.0.2,GPL-3.0-or-later,https://f-droid.org/repo/com.zola.bmi_402.apk,1295395,https://github.com/zikalify/BMI_Calculator,https://f-droid.org/en/packages/com.zola.bmi/
37C3 Wifi Setup,nl.eventinfra.wifisetup,Connectivity,0.37,Apache-2.0,https://f-droid.org/repo/nl.eventinfra.wifisetup_20231222.apk,2405866,https://github.com/EventInfra/wifisetup,https://f-droid.org/en/packages/nl.eventinfra.wifisetup/
[lWS.QR] lightweight Web Server QR code,net.basov.lws.qr.fdroid,Connectivity,05.00.00,MIT,https://f-droid.org/repo/net.basov.lws.qr.fdroid_50100.apk,37764,https://github.com/mvbasov/lWS.QR,https://f-droid.org/en/packages/net.basov.lws.qr.fdroid/
Actualizador ODNS,pc.javier.actualizadoropendns,Connectivity,0.5,GPL-3.0-or-later,https://f-droid.org/repo/pc.javier.actualizadoropendns_5.apk,6690205,https://gitlab.com/javipc/aodns,https://f-droid.org/en/packages/pc.javier.actualizadoropendns/
aFreeRDP,com.freerdp.afreerdp,Connectivity,3.26.0,Apache-2.0,https://f-droid.org/repo/com.freerdp.afreerdp_3026000.apk,236589268,https://github.com/FreeRDP/FreeRDP,https://f-droid.org/en/packages/com.freerdp.afreerdp/
AirGuard - AirTag protection,de.seemoo.at_tracking_detection,Connectivity,3.1.2,Apache-2.0,https://f-droid.org/repo/de.seemoo.at_tracking_detection_68.apk,9136726,https://github.com/seemoo-lab/AirGuard,https://f-droid.org/en/packages/de.seemoo.at_tracking_detection/
AirheadWaves,space.ring0.airheadwaves,Connectivity,2.0,MIT,https://f-droid.org/repo/space.ring0.airheadwaves_3.apk,42572702,https://gitlab.com/stephen.mk.brady-group/AirheadWaves,https://f-droid.org/en/packages/space.ring0.airheadwaves/
AmbitSync,idv.markkuo.ambitsync,Connectivity,1.4.1,GPL-3.0-only,https://f-droid.org/repo/idv.markkuo.ambitsync_9.apk,6906917,https://github.com/starryalley/AmbitSync,https://f-droid.org/en/packages/idv.markkuo.ambitsync/
AN2Linux,kiwi.root.an2linuxclient,Connectivity,0.13.1,GPL-3.0-only,https://f-droid.org/repo/kiwi.root.an2linuxclient_19.apk,2804532,https://github.com/rootkiwi/an2linuxclient,https://f-droid.org/en/packages/kiwi.root.an2linuxclient/
AndIodine,org.xapek.andiodine,Connectivity,1.7,ISC,https://f-droid.org/repo/org.xapek.andiodine_7.apk,383112,https://gitlab.com/andiodine/andiodine,https://f-droid.org/en/packages/org.xapek.andiodine/
AndrOBD,com.fr3ts0n.ecu.gui.androbd,Connectivity,V2.7.10,GPL-3.0-or-later,https://f-droid.org/repo/com.fr3ts0n.ecu.gui.androbd_20710.apk,2411076,https://github.com/fr3ts0n/AndrOBD,https://f-droid.org/en/packages/com.fr3ts0n.ecu.gui.androbd/
AndrOBD GpsProvider,com.fr3ts0n.androbd.plugin.gpsprovider,Connectivity,V1.1.1,GPL-3.0-or-later,https://f-droid.org/repo/com.fr3ts0n.androbd.plugin.gpsprovider_10101.apk,46234,https://github.com/fr3ts0n/AndrOBD-Plugin,https://f-droid.org/en/packages/com.fr3ts0n.androbd.plugin.gpsprovider/
AndrOBD MQTTPublisher,com.fr3ts0n.androbd.plugin.mqtt,Connectivity,V1.1.1,GPL-3.0-or-later,https://f-droid.org/repo/com.fr3ts0n.androbd.plugin.mqtt_10101.apk,171175,https://github.com/fr3ts0n/AndrOBD-Plugin,https://f-droid.org/en/packages/com.fr3ts0n.androbd.plugin.mqtt/
AndrOBD SensorProvider,com.fr3ts0n.androbd.plugin.sensorprovider,Connectivity,V1.1.1,GPL-3.0-or-later,https://f-droid.org/repo/com.fr3ts0n.androbd.plugin.sensorprovider_10101.apk,46234,https://github.com/fr3ts0n/AndrOBD-Plugin,https://f-droid.org/en/packages/com.fr3ts0n.androbd.plugin.sensorprovider/
Android 2 Linux Notifications,dev.patri9ck.a2ln,Connectivity,1.4.3,GPL-3.0-only,https://f-droid.org/repo/dev.patri9ck.a2ln_25.apk,14603532,https://github.com/patri9ck/a2ln-app,https://f-droid.org/en/packages/dev.patri9ck.a2ln/
AndroidMic,io.github.teamclouday.AndroidMic,Connectivity,2.2.9,GPL-3.0-only,https://f-droid.org/repo/io.github.teamclouday.AndroidMic_25.apk,14387271,https://github.com/teamclouday/AndroidMic,https://f-droid.org/en/packages/io.github.teamclouday.AndroidMic/
ANONguard,anonvpn.anon_next.android,Connectivity,00.00.022,BSD-3-Clause,https://f-droid.org/repo/anonvpn.anon_next.android_22.apk,6971751,https://dud-scm.inf.tu-dresden.de/an.on/anonguard,https://f-droid.org/en/packages/anonvpn.anon_next.android/
Anonomi Messenger,org.anonomi.android,Connectivity,1.5.0,GPL-3.0-or-later,https://f-droid.org/repo/org.anonomi.android_10500.apk,67745502,https://github.com/anonomi-org/anonomi-android,https://f-droid.org/en/packages/org.anonomi.android/
Anonymous Messenger,com.dx.anonymousmessenger,Connectivity,0.9.2,GPL-3.0-or-later,https://f-droid.org/repo/com.dx.anonymousmessenger_54.apk,34953130,https://gitlab.com/DrXtreme/anonymousmessenger,https://f-droid.org/en/packages/com.dx.anonymousmessenger/
Anywherelan,com.anywherelan.awl,Connectivity,0.19.0,MPL-2.0,https://f-droid.org/repo/com.anywherelan.awl_19000.apk,66152187,https://github.com/anywherelan/awl,https://f-droid.org/en/packages/com.anywherelan.awl/
Aria for Misskey,com.poppingmoon.aria,Connectivity,1.5.14,AGPL-3.0-only,https://f-droid.org/repo/com.poppingmoon.aria_1123.apk,87483595,https://github.com/poppingmoon/aria,https://f-droid.org/en/packages/com.poppingmoon.aria/
Aruba Networks Login,io.mkg20001.arubanetworkslogin,Connectivity,0.5,GPL-3.0-only,https://f-droid.org/repo/io.mkg20001.arubanetworkslogin_5000.apk,2670664,https://github.com/mkg20001/aruba-networks-login,https://f-droid.org/en/packages/io.mkg20001.arubanetworkslogin/
AsteroidOS Sync,org.asteroidos.sync,Connectivity,0.29,GPL-3.0-or-later,https://f-droid.org/repo/org.asteroidos.sync_29.apk,5877369,https://github.com/AsteroidOS/AsteroidOSSync,https://f-droid.org/en/packages/org.asteroidos.sync/
Atalaya,cat.naval.atalaya,Connectivity,1.0.0,GPL-3.0-only,https://f-droid.org/repo/cat.naval.atalaya_1.apk,12261377,https://github.com/aeri/Atalaya,https://f-droid.org/en/packages/cat.naval.atalaya/
Audio Share,io.github.mkckr0.audio_share_app,Connectivity,0.3.4,Apache-2.0,https://f-droid.org/repo/io.github.mkckr0.audio_share_app_3004.apk,2481893,https://github.com/mkckr0/audio-share,https://f-droid.org/en/packages/io.github.mkckr0.audio_share_app/
Auto Off Bluetooth,com.mystro256.autooffbluetooth,Connectivity,1.4,GPL-3.0-only,https://f-droid.org/repo/com.mystro256.autooffbluetooth_5.apk,1470854,https://github.com/Mystro256/autooffbluetooth,https://f-droid.org/en/packages/com.mystro256.autooffbluetooth/
Average data usage widget,com.trianguloy.continuousDataUsage,Connectivity,4.1,MIT,https://f-droid.org/repo/com.trianguloy.continuousDataUsage_28.apk,120719,https://github.com/TrianguloY/Average-data-usage-widget,https://f-droid.org/en/packages/com.trianguloy.continuousDataUsage/
AVNC,com.gaurav.avnc,Connectivity,3.3.1,GPL-3.0-or-later,https://f-droid.org/repo/com.gaurav.avnc_53.apk,7330062,https://github.com/gujjwal00/avnc,https://f-droid.org/en/packages/com.gaurav.avnc/
AwakeOnLANMobile,com.awakeonlanmobile,Connectivity,1.0.2,GPL-3.0-or-later,https://f-droid.org/repo/com.awakeonlanmobile_10000204.apk,16709814,https://github.com/nellogan/AwakeOnLANMobile,https://f-droid.org/en/packages/com.awakeonlanmobile/
Bacon  - Bluetooth Controller,com.jerameeldelosreyes.bacon,Connectivity,1.6.1,MIT,https://f-droid.org/repo/com.jerameeldelosreyes.bacon_13.apk,30110407,https://github.com/jerameel/bacon,https://f-droid.org/en/packages/com.jerameeldelosreyes.bacon/
Badge Magic,org.fossasia.badgemagic,Connectivity,1.18.15,Apache-2.0,https://f-droid.org/repo/org.fossasia.badgemagic_339.apk,54099429,https://github.com/fossasia/badgemagic-app,https://f-droid.org/en/packages/org.fossasia.badgemagic/
Bangle.js Gadgetbridge,com.espruino.gadgetbridge.banglejs,Connectivity,0.94.0-banglejs,AGPL-3.0-only,https://f-droid.org/repo/com.espruino.gadgetbridge.banglejs_253_01cce93.apk,20310133,https://codeberg.org/Freeyourgadget/Gadgetbridge,https://f-droid.org/en/packages/com.espruino.gadgetbridge.banglejs/
Barcode Buddy,de.bulling.barcodebuddyscanner,Connectivity,0.4.1,GPL-3.0-only,https://f-droid.org/repo/de.bulling.barcodebuddyscanner_10.apk,5828176,https://github.com/Forceu/barcodebuddy-android,https://f-droid.org/en/packages/de.bulling.barcodebuddyscanner/
BeamControl for Smart Interface,eu.halaser.beamctrl,Connectivity,1.03,GPL-3.0-only,https://f-droid.org/repo/eu.halaser.beamctrl_103.apk,1500414,https://sourceforge.net/p/oapc/code/ci/master/tree/AndroidBeamControl,https://f-droid.org/en/packages/eu.halaser.beamctrl/
Better Internet Tiles,be.casperverswijvelt.unifiedinternetqs,Connectivity,3.1.2-fdroid,GPL-3.0-only,https://f-droid.org/repo/be.casperverswijvelt.unifiedinternetqs_3010200.apk,5191439,https://github.com/CasperVerswijvelt/Better-Internet-Tiles,https://f-droid.org/en/packages/be.casperverswijvelt.unifiedinternetqs/
BG2BangleJS,de.phrogg.bg2banglejs,Connectivity,v1,GPL-3.0-or-later,https://f-droid.org/repo/de.phrogg.bg2banglejs_1.apk,4633967,https://codeberg.org/phrogg/BG2BangleJSApp,https://f-droid.org/en/packages/de.phrogg.bg2banglejs/
BikeBridge,dev.bg.bikebridge,Connectivity,0.2.0,GPL-3.0-or-later,https://f-droid.org/repo/dev.bg.bikebridge_11.apk,3531736,https://codeberg.org/bg443/BikeBridge,https://f-droid.org/en/packages/dev.bg.bikebridge/
Aer - Fork of Anemo,alt.nainapps.aer,File Encryption & Vault,2024.12.25,GPL-3.0-only,https://f-droid.org/repo/alt.nainapps.aer_1735160000.apk,1371820,https://github.com/nain-F49FF806/anemo-aer,https://f-droid.org/en/packages/alt.nainapps.aer/
AgePony: Encrypt & Sign,com.agepony.app,File Encryption & Vault,5.0.1,Apache-2.0,https://f-droid.org/repo/com.agepony.app_17.apk,4669209,https://github.com/norsehorse-dev/AgePonyAndroid,https://f-droid.org/en/packages/com.agepony.app/
androidcrypt,com.androidcrypt,File Encryption & Vault,1.0.16,MIT,https://f-droid.org/repo/com.androidcrypt_16.apk,3888047,https://github.com/jmccoy600/androidCrypt,https://f-droid.org/en/packages/com.androidcrypt/
AdAway,org.adaway,DNS & Hosts,6.1.4,GPL-3.0-only,https://f-droid.org/repo/org.adaway_60104.apk,16061184,https://github.com/AdAway/AdAway,https://f-droid.org/en/packages/org.adaway/
AndroDNS,androdns.android.leetdreams.ch.androdns,DNS & Hosts,1.8,Apache-2.0,https://f-droid.org/repo/androdns.android.leetdreams.ch.androdns_27.apk,4768771,https://archive.softwareheritage.org/browse/origin/https://github.com/gryphius/androdns/directory/,https://f-droid.org/en/packages/androdns.android.leetdreams.ch.androdns/
Athena: Firewall DNS AdBlocker,com.kin.athena,DNS & Hosts,1.80,GPL-3.0-only,https://f-droid.org/repo/com.kin.athena_306.apk,6275630,https://github.com/Kin69/Athena,https://f-droid.org/en/packages/com.kin.athena/
BayesianBahn,io.github.derweh.bayesianbahn,Public Transport,0.4.0,MIT,https://f-droid.org/repo/io.github.derweh.bayesianbahn_8.apk,5264494,https://github.com/DerWeh/BayesianBahn,https://f-droid.org/en/packages/io.github.derweh.bayesianbahn/
Kochi Transit Go,app.agneldev.kochitransitgo,Public Transport,1.0,MIT,https://f-droid.org/repo/app.agneldev.kochitransitgo_1.apk,7697519,https://github.com/agnelfranciso/Kochi-Transit-Go,https://f-droid.org/en/packages/app.agneldev.kochitransitgo/
Rush Hour,com.sphericalkat.rushhour,Public Transport,0.14.0,MIT,https://f-droid.org/repo/com.sphericalkat.rushhour_14002.apk,47811087,https://git.sr.ht/~sphericalkat/rush-hour,https://f-droid.org/en/packages/com.sphericalkat.rushhour/
BasicSync,com.chiller3.basicsync,Cloud Storage & File Sync,3.20,GPL-3.0-only,https://f-droid.org/repo/com.chiller3.basicsync_201732.apk,32603913,https://github.com/chenxiaolong/BasicSync,https://f-droid.org/en/packages/com.chiller3.basicsync/
Cryptomator,org.cryptomator.lite,Cloud Storage & File Sync,1.12.3,GPL-3.0-only,https://f-droid.org/repo/org.cryptomator.lite_3030.apk,20585634,https://github.com/cryptomator/android,https://f-droid.org/en/packages/org.cryptomator.lite/
DecSync CC,org.decsync.cc,Cloud Storage & File Sync,2.2.3,GPL-3.0-only,https://f-droid.org/repo/org.decsync.cc_35.apk,7652496,https://github.com/39aldo39/DecSyncCC,https://f-droid.org/en/packages/org.decsync.cc/
DeltaSync,dk.bjoerckbraun.deltasync,Cloud Storage & File Sync,0.4.2,GPL-3.0-or-later,https://f-droid.org/repo/dk.bjoerckbraun.deltasync_7.apk,24579825,https://gitlab.com/Star95/keepass-deltasync,https://f-droid.org/en/packages/dk.bjoerckbraun.deltasync/
EasySSHFS,ru.nsu.bobrofon.easysshfs,Cloud Storage & File Sync,0.5.18,MIT,https://f-droid.org/repo/ru.nsu.bobrofon.easysshfs_103.apk,9304179,https://github.com/bobrofon/easysshfs,https://f-droid.org/en/packages/ru.nsu.bobrofon.easysshfs/
EasySync,com.phpbg.easysync,Cloud Storage & File Sync,1.26,MIT,https://f-droid.org/repo/com.phpbg.easysync_26.apk,3104659,https://github.com/phpbg/easysync,https://f-droid.org/en/packages/com.phpbg.easysync/
Archiv,com.armanmaurya.archiv,Ebook Reader,0.2.0,GPL-3.0-only,https://f-droid.org/repo/com.armanmaurya.archiv_7.apk,28645740,https://github.com/armanmaurya/archiv,https://f-droid.org/en/packages/com.armanmaurya.archiv/
Areada,app.areada,Ebook Reader,1.1.4,Apache-2.0,https://f-droid.org/repo/app.areada_15.apk,2259108,https://github.com/iTsMe-Zen/Areada,https://f-droid.org/en/packages/app.areada/
Book's Story,ua.acclorite.book_story,Ebook Reader,1.8.0,GPL-3.0-only,https://f-droid.org/repo/ua.acclorite.book_story_14.apk,27921420,https://github.com/Acclorite/book-story,https://f-droid.org/en/packages/ua.acclorite.book_story/
BookStash,com.bookstash.app,Ebook Reader,0.8.29,GPL-3.0-only,https://f-droid.org/repo/com.bookstash.app_8029.apk,6218361,https://github.com/eirthae/bookstash,https://f-droid.org/en/packages/com.bookstash.app/
Chaka Book Reader,net.timelegend.chaka.viewer.app,Ebook Reader,1.27.1a.27,AGPL-3.0-or-later,https://f-droid.org/repo/net.timelegend.chaka.viewer.app_1734.apk,8439507,https://github.com/elementdavv/chaka,https://f-droid.org/en/packages/net.timelegend.chaka.viewer.app/
AFH Downloader,org.afhdownloader,Download,0.4.6,GPL-3.0-only,https://f-droid.org/repo/org.afhdownloader_11.apk,1967738,https://github.com/daktak/afh_downloader,https://f-droid.org/en/packages/org.afhdownloader/
Aria2App,com.gianlu.aria2app,Download,5.10.0,GPL-3.0-only,https://f-droid.org/repo/com.gianlu.aria2app_231.apk,27228871,https://github.com/devgianlu/Aria2App,https://f-droid.org/en/packages/com.gianlu.aria2app/
Atrium,app.atrium,Download,1.7.0,GPL-3.0-or-later,https://f-droid.org/repo/app.atrium_233.apk,36642008,https://github.com/retransmit/Atrium,https://f-droid.org/en/packages/app.atrium/
"BiglyBT, Torrent Downloader",com.biglybt.android.client,Download,1.3.4.3,GPL-2.0-or-later,https://f-droid.org/repo/com.biglybt.android.client_1030403.apk,9181408,https://github.com/BiglySoftware/BiglyBT-Android,https://f-droid.org/en/packages/com.biglybt.android.client/
BVD,cc.kafuu.bilidownload,Download,2.3.7.foss,GPL-3.0-only,https://f-droid.org/repo/cc.kafuu.bilidownload_20307.apk,105836676,https://github.com/KafuuNeko/BiliDownload,https://f-droid.org/en/packages/cc.kafuu.bilidownload/
Activity Diary,de.rampro.activitydiary,Note,1.4.2,GPL-3.0-or-later,https://f-droid.org/repo/de.rampro.activitydiary_136.apk,5387191,https://github.com/ramack/ActivityDiary,https://f-droid.org/en/packages/de.rampro.activitydiary/
Another notes app,com.maltaisn.notes.sync,Note,1.6.2,Apache-2.0,https://f-droid.org/repo/com.maltaisn.notes.sync_10602.apk,3161788,https://github.com/maltaisn/another-notes-app/,https://f-droid.org/en/packages/com.maltaisn.notes.sync/
AquarellNotes,com.solar.aquarellnotes,Note,0.1.4-beta,Apache-2.0,https://f-droid.org/repo/com.solar.aquarellnotes_5.apk,2846227,https://codeberg.org/ordilogikus/AquarellNotes,https://f-droid.org/en/packages/com.solar.aquarellnotes/
Backtalk,off.kys.backtalk,Note,0.4.1,MIT,https://f-droid.org/repo/off.kys.backtalk_41.apk,5402058,https://github.com/kys0ff/Backtalk,https://f-droid.org/en/packages/off.kys.backtalk/
Bazarnote,com.rootminusone8004.bazarnote,Note,0.9.0,GPL-3.0-or-later,https://f-droid.org/repo/com.rootminusone8004.bazarnote_13.apk,5921697,https://codeberg.org/rootminusone8004/Bazarnote,https://f-droid.org/en/packages/com.rootminusone8004.bazarnote/
BurnPony,com.burnpony.android,Note,1.4.0,Apache-2.0,https://f-droid.org/repo/com.burnpony.android_6.apk,2611543,https://github.com/norsehorse-dev/BurnPonyAndroid,https://f-droid.org/en/packages/com.burnpony.android/
Carnet,com.spisoft.quicknote,Note,0.25.1,GPL-3.0-only,https://f-droid.org/repo/com.spisoft.quicknote_251.apk,12223980,https://github.com/CarnetApp/CarnetFdroid,https://f-droid.org/en/packages/com.spisoft.quicknote/
ciphernotes,com.ciphernotes.twa,Note,3.6,AGPL-3.0-only,https://f-droid.org/repo/com.ciphernotes.twa_9.apk,3845503,https://github.com/rapnuss/cipher-notes,https://f-droid.org/en/packages/com.ciphernotes.twa/
CipherNotes,dev.cipher.notes,Note,2.3.0,MIT,https://f-droid.org/repo/dev.cipher.notes_19.apk,17174304,https://github.com/CipherApps/cipher-notes,https://f-droid.org/en/packages/dev.cipher.notes/
Crystalpad,com.git.itdolan31.crystalpad,Note,1.7.0,GPL-3.0-or-later,https://f-droid.org/repo/com.git.itdolan31.crystalpad_12.apk,3101504,https://github.com/itdolan31/crystalpad,https://f-droid.org/en/packages/com.git.itdolan31.crystalpad/
CypherLeaf,io.gitlab.jrock902.cypherleaf,Note,1.0.1,MIT,https://f-droid.org/repo/io.gitlab.jrock902.cypherleaf_33.apk,23682003,https://gitlab.com/Jrock-902/smart_notes,https://f-droid.org/en/packages/io.gitlab.jrock902.cypherleaf/
Daily Diary,com.voklen.daily_diary,Note,1.4.5,GPL-3.0-only,https://f-droid.org/repo/com.voklen.daily_diary_17.apk,23941902,https://github.com/Voklen/Daily-Diary,https://f-droid.org/en/packages/com.voklen.daily_diary/
Altcoin Prices,eu.uwot.fabio.altcoinprices,Market & Price,1.7.4,GPL-3.0-only,https://f-droid.org/repo/eu.uwot.fabio.altcoinprices_81.apk,2158385,https://gitlab.com/cfabio/AltcoinPrices/tree/HEAD,https://f-droid.org/en/packages/eu.uwot.fabio.altcoinprices/
Bag: Bitcoin Portfolio Monitor,app.bitbag,Market & Price,1.3.5,GPL-3.0-only,https://f-droid.org/repo/app.bitbag_353.apk,24509308,https://github.com/UXAVIA/bag,https://f-droid.org/en/packages/app.bitbag/
Boilr,mobi.boilr.boilr,Market & Price,0.7.0,GPL-3.0-or-later,https://f-droid.org/repo/mobi.boilr.boilr_9.apk,880924,https://github.com/drpout/boilr,https://f-droid.org/en/packages/mobi.boilr.boilr/
Carburoid,net.canvoki.carburoid,Market & Price,1.6.5,AGPL-3.0-or-later,https://f-droid.org/repo/net.canvoki.carburoid_1060500.apk,54129771,https://github.com/vokimon/carburoid,https://f-droid.org/en/packages/net.canvoki.carburoid/
Cheese BTC Widget,org.cheeserobot.btcwidget,Market & Price,5.0,MIT,https://f-droid.org/repo/org.cheeserobot.btcwidget_17.apk,157075,https://github.com/AbelLykens/org.cheeserobot.btcwidget,https://f-droid.org/en/packages/org.cheeserobot.btcwidget/
Baseline,io.github.anrinion.baseline,Diet,1.0.13,MIT,https://f-droid.org/repo/io.github.anrinion.baseline_133.apk,22877001,https://github.com/anrinion/baseline,https://f-droid.org/en/packages/io.github.anrinion.baseline/
Calorimeter,de.swgross.calorimeter,Diet,1.2.3,GPL-3.0-or-later,https://f-droid.org/repo/de.swgross.calorimeter_10.apk,56723710,https://git.justquitstudios.de/marco/calorimeter,https://f-droid.org/en/packages/de.swgross.calorimeter/
Chompass - Calorie Tracker,app.chompass,Diet,5.3.0,MIT,https://f-droid.org/repo/app.chompass_84.apk,20542112,https://codeberg.org/fitguy/chompass,https://f-droid.org/en/packages/app.chompass/
Autometer,com.vtrack,Finance Manager,1.1.2,GPL-3.0-only,https://f-droid.org/repo/com.vtrack_4.apk,2130780,https://github.com/curiousfyre/vtrack,https://f-droid.org/en/packages/com.vtrack/
Autu Mandu,org.juanro.autumandu,Finance Manager,6.1.0,Apache-2.0,https://f-droid.org/repo/org.juanro.autumandu_610.apk,4217960,https://github.com/juanro49/autu-mandu,https://f-droid.org/en/packages/org.juanro.autumandu/
Balance,com.ashkanrafiee.balance,Finance Manager,1.16.0,GPL-3.0-only,https://f-droid.org/repo/com.ashkanrafiee.balance_26000.apk,336012,https://github.com/AshkanRafiee/balance,https://f-droid.org/en/packages/com.ashkanrafiee.balance/
Baluchon,com.baluchon.app,Finance Manager,3.3,GPL-3.0-or-later,https://f-droid.org/repo/com.baluchon.app_13.apk,1942981,https://framagit.org/android1/baluchon,https://f-droid.org/en/packages/com.baluchon.app/
Basic Cash Flow,org.eagsoftware.basiccashflow,Finance Manager,3.0,GPL-3.0-or-later,https://f-droid.org/repo/org.eagsoftware.basiccashflow_3.apk,5953618,https://codeberg.org/minardil/BasicCashFlow,https://f-droid.org/en/packages/org.eagsoftware.basiccashflow/
Bily,com.bily,Finance Manager,2.1.4,GPL-3.0-or-later,https://f-droid.org/repo/com.bily_16.apk,10097622,https://gitlab.com/pncls/bily,https://f-droid.org/en/packages/com.bily/
Bote,com.bote.app,Finance Manager,3.0,GPL-3.0-only,https://f-droid.org/repo/com.bote.app_23.apk,5581426,https://github.com/tizzenn/bote,https://f-droid.org/en/packages/com.bote.app/
Buckwheat: Budget manager,com.danilkinkin.buckwheat,Finance Manager,4.8.0,GPL-3.0-only,https://f-droid.org/repo/com.danilkinkin.buckwheat_29.apk,6524969,https://github.com/danilkinkin/buckwheat/,https://f-droid.org/en/packages/com.danilkinkin.buckwheat/
CajuScan,com.marotoweb.cajuscan_app,Finance Manager,1.0.9,MIT,https://f-droid.org/repo/com.marotoweb.cajuscan_app_10.apk,62655905,https://github.com/marotoweb/cajuscan_app,https://f-droid.org/en/packages/com.marotoweb.cajuscan_app/
Cfait,com.trougnouf.cfait,Task,1.1.8,GPL-3.0-only,https://f-droid.org/repo/com.trougnouf.cfait_10108.apk,45121228,https://git.disroot.org/trougnouf/cfait,https://f-droid.org/en/packages/com.trougnouf.cfait/
Deadlines,com.emmanuelmess.deadlinesapp.free,Task,1.0.1,GPL-3.0-or-later,https://f-droid.org/repo/com.emmanuelmess.deadlinesapp.free_2.apk,21930656,https://github.com/EmmanuelMess/DeadlinesApp,https://f-droid.org/en/packages/com.emmanuelmess.deadlinesapp.free/
Delist,ca.ramzan.delist,Task,1.0.2,GPL-3.0-or-later,https://f-droid.org/repo/ca.ramzan.delist_3.apk,2202238,https://github.com/ramzan/delist,https://f-droid.org/en/packages/ca.ramzan.delist/
Do It,at.co.schwaerzler.maximilian.doit,Task,1.7,Apache-2.0,https://f-droid.org/repo/at.co.schwaerzler.maximilian.doit_9.apk,3353335,https://github.com/maximilian-schwaerzler/Do-It,https://f-droid.org/en/packages/at.co.schwaerzler.maximilian.doit/
Do The Thing,com.bigdadenergy39.DoTheThing,Task,1.2.1,GPL-3.0-or-later,https://f-droid.org/repo/com.bigdadenergy39.DoTheThing_43.apk,41867402,https://github.com/BigDadEnergy39/do-the-thing,https://f-droid.org/en/packages/com.bigdadenergy39.DoTheThing/
AddisMapTransit,com.addismaptransit.app,Navigation,1.0.2,MIT,https://f-droid.org/repo/com.addismaptransit.app_7.apk,24209039,https://github.com/addismap/addismaptransit,https://f-droid.org/en/packages/com.addismaptransit.app/
Adiresy,org.github.nynosy.adiresy_mobile,Navigation,1.0.23,GPL-3.0-only,https://f-droid.org/repo/org.github.nynosy.adiresy_mobile_43.apk,23380170,https://github.com/nynosy/adiresy-mobile,https://f-droid.org/en/packages/org.github.nynosy.adiresy_mobile/
Adresilo,com.adresilo.android,Navigation,v1.3.0,GPL-3.0-or-later,https://f-droid.org/repo/com.adresilo.android_9.apk,1725330,https://git.sr.ht/~amolith/adresilo,https://f-droid.org/en/packages/com.adresilo.android/
AltLocationServices,com.opengps.altlocationservices,Navigation,1.1,MIT,https://f-droid.org/repo/com.opengps.altlocationservices_2.apk,20825635,https://github.com/vayun-mathur/Alternative-Location-Services,https://f-droid.org/en/packages/com.opengps.altlocationservices/
AmSprung,at.h4x.amsprung,Navigation,0.1.8,GPL-3.0-or-later,https://f-droid.org/repo/at.h4x.amsprung_108.apk,7874983,https://codeberg.org/uniqx/AmSprung,https://f-droid.org/en/packages/at.h4x.amsprung/
Anchor Chain,com.anchor.chain,Navigation,1.0,Apache-2.0,https://f-droid.org/repo/com.anchor.chain_1.apk,6736640,https://codeberg.org/iic-mowa/anchor-chain,https://f-droid.org/en/packages/com.anchor.chain/
Apple UnifiedNlp Backend,org.microg.nlp.backend.apple,Navigation,1.2.3,Apache-2.0,https://f-droid.org/repo/org.microg.nlp.backend.apple_20043.apk,266904,https://github.com/microg/AppleWifiNlpBackend,https://f-droid.org/en/packages/org.microg.nlp.backend.apple/
Bahn-Vorhersage,de.bahnvorhersage.app,Navigation,0.8.1,GPL-3.0-or-later,https://f-droid.org/repo/de.bahnvorhersage.app_18.apk,7092729,https://gitlab.com/bahnvorhersage/bahnvorhersage_frontend,https://f-droid.org/en/packages/de.bahnvorhersage.app/
BikeSharingHub,fr.fdesousa.bikesharinghub,Navigation,2.1.5,GPL-3.0-or-later,https://f-droid.org/repo/fr.fdesousa.bikesharinghub_34.apk,3892762,https://github.com/francoisfds/BikeSharingHub,https://f-droid.org/en/packages/fr.fdesousa.bikesharinghub/
BikeTrackd,com.biketrackd.app,Navigation,0.7.2,MIT,https://f-droid.org/repo/com.biketrackd.app_53.apk,16216435,https://github.com/higorslva/biketrackd,https://f-droid.org/en/packages/com.biketrackd.app/
Bimba,xyz.apiote.bimba.czwek,Navigation,3.99,GPL-3.0-or-later,https://f-droid.org/repo/xyz.apiote.bimba.czwek_48.apk,25246068,https://codeberg.org/bimba/czwek,https://f-droid.org/en/packages/xyz.apiote.bimba.czwek/
Blue Square Speedometer,net.nhiroki.bluesquarespeedometer,Navigation,1.2.0,Apache-2.0,https://f-droid.org/repo/net.nhiroki.bluesquarespeedometer_14.apk,823017,https://github.com/nhirokinet/bluesquarespeedometer,https://f-droid.org/en/packages/net.nhiroki.bluesquarespeedometer/
BoatSpeedy,de.kewl.boatspeedy,Navigation,1.4.3,MIT,https://f-droid.org/repo/de.kewl.boatspeedy_47.apk,3972829,https://github.com/Glenn-Dandy/BoatSpeedy,https://f-droid.org/en/packages/de.kewl.boatspeedy/
BRouter,btools.routingapp,Navigation,1.7.9,MIT,https://f-droid.org/repo/btools.routingapp_56.apk,3293455,https://github.com/abrensch/brouter,https://f-droid.org/en/packages/btools.routingapp/
Buses,org.billthefarmer.buses,Navigation,1.12,GPL-3.0-only,https://f-droid.org/repo/org.billthefarmer.buses_112.apk,5289826,https://github.com/billthefarmer/buses,https://f-droid.org/en/packages/org.billthefarmer.buses/
BusTO,it.reyboz.bustorino,Navigation,2.6.5,GPL-3.0-or-later,https://f-droid.org/repo/it.reyboz.bustorino_77.apk,62390472,https://gitpull.it/source/libre-busto/,https://f-droid.org/en/packages/it.reyboz.bustorino/
BwareArea,fr.byped.bwarearea,Navigation,0.6.6,MIT,https://f-droid.org/repo/fr.byped.bwarearea_4.apk,2500875,https://github.com/X-Ryl669/BwareArea,https://f-droid.org/en/packages/fr.byped.bwarearea/
c3nav,de.c3nav.droid,Navigation,4.7.0,Apache-2.0,https://f-droid.org/repo/de.c3nav.droid_18040700.apk,4858841,https://github.com/c3nav/c3nav-android/,https://f-droid.org/en/packages/de.c3nav.droid/
9P,se.tube42.p9.android,Word Game,0.1.1,GPL-2.0-only,https://f-droid.org/repo/se.tube42.p9.android_11.apk,6819578,https://github.com/tube42/9p,https://f-droid.org/en/packages/se.tube42.p9.android/
Code Word,com.peaceray.codeword,Word Game,1.4.4,GPL-3.0-only,https://f-droid.org/repo/com.peaceray.codeword_13.apk,9217281,https://github.com/Peace-Ray/Code-Word,https://f-droid.org/en/packages/com.peaceray.codeword/
Crossword,org.billthefarmer.crossword,Word Game,1.26,GPL-3.0-only,https://f-droid.org/repo/org.billthefarmer.crossword_126.apk,518368,https://github.com/billthefarmer/crossword,https://f-droid.org/en/packages/org.billthefarmer.crossword/
Forkyz Scanner,app.crossword.yourealwaysbe.forkyzscanner,OCR,8,MIT,https://f-droid.org/repo/app.crossword.yourealwaysbe.forkyzscanner_8.apk,68956023,https://gitlab.com/Hague/forkyzscanner,https://f-droid.org/en/packages/app.crossword.yourealwaysbe.forkyzscanner/
Glyfen,dev.glyfen.app,OCR,1.0,MIT,https://f-droid.org/repo/dev.glyfen.app_1.apk,85787738,https://codeberg.org/talixodev/glyfen,https://f-droid.org/en/packages/dev.glyfen.app/
Kaku,ca.fuwafuwa.kaku,OCR,1.3.78,BSD-3-Clause,https://f-droid.org/repo/ca.fuwafuwa.kaku_78.apk,78247556,https://github.com/0xbad1d3a5/Kaku,https://f-droid.org/en/packages/ca.fuwafuwa.kaku/
ADBungFu,com.oF2pks.adbungfu,Security,4.0-17,GPL-3.0-or-later,https://f-droid.org/repo/com.oF2pks.adbungfu_17.apk,4013828,https://bitbucket.org/oF2pks/adbungfupermissionsetter/src/xda,https://f-droid.org/en/packages/com.oF2pks.adbungfu/
App Lock,dev.pranav.applock,Security,2.5.1,MIT,https://f-droid.org/repo/dev.pranav.applock_251.apk,2342730,https://github.com/aload0/AppLock,https://f-droid.org/en/packages/dev.pranav.applock/
AppVerifier BG,com.roundsalmon4.appverifier,Security,0.7.2,ISC,https://f-droid.org/repo/com.roundsalmon4.appverifier_30.apk,3091655,https://github.com/RoundSalmon4/AppVerifierBG,https://f-droid.org/en/packages/com.roundsalmon4.appverifier/
BinderFuzzy - Pentest Android Services,org.chickenhook.binderfuzzy,Security,1.0,Apache-2.0,https://f-droid.org/repo/org.chickenhook.binderfuzzy_2.apk,3775978,https://github.com/ChickenHook/BinderFuzzy,https://f-droid.org/en/packages/org.chickenhook.binderfuzzy/
Bluecheese,com.msb.bluecheese,Security,3.0.3,GPL-3.0-only,https://f-droid.org/repo/com.msb.bluecheese_303.apk,10741240,https://github.com/msbCyricTohoku/Bluecheese-fdroid,https://f-droid.org/en/packages/com.msb.bluecheese/
BlueGate,org.cleverfox.bluegate,Security,0.3,MIT,https://f-droid.org/repo/org.cleverfox.bluegate_20260105.apk,14117048,https://github.com/cleverfox/bluegate_android,https://f-droid.org/en/packages/org.cleverfox.bluegate/
Bugbane Beta,org.osservatorionessuno.bugbane.beta,Security,0.2.3,GPL-3.0-only,https://f-droid.org/repo/org.osservatorionessuno.bugbane.beta_9.apk,6005137,https://github.com/osservatorionessuno/bugbane,https://f-droid.org/en/packages/org.osservatorionessuno.bugbane.beta/
CarVita,com.wangjinli.carvita,Security,1.2.3,AGPL-3.0-only,https://f-droid.org/repo/com.wangjinli.carvita_12.apk,61762878,https://github.com/JeziL/carvita,https://f-droid.org/en/packages/com.wangjinli.carvita/
CleanSlate,com.destructo.botox,Security,1.0.43,MIT,https://f-droid.org/repo/com.destructo.botox_43.apk,3196799,https://github.com/khalifarsm/botox-android,https://f-droid.org/en/packages/com.destructo.botox/
Cryptographic ID,io.gitlab.cryptographic_id,Security,0.5.7,MIT,https://f-droid.org/repo/io.gitlab.cryptographic_id_23.apk,54715566,https://gitlab.com/cryptographic_id/cryptographic-id-flutter,https://f-droid.org/en/packages/io.gitlab.cryptographic_id/
CryptX,com.personx.cryptx,Security,1.4.1,MIT,https://f-droid.org/repo/com.personx.cryptx_10.apk,35222973,https://github.com/PersonX-46/CryptX,https://f-droid.org/en/packages/com.personx.cryptx/
AirPlay Server,io.github.jqssun.airplay,Cast,0.0.31,GPL-3.0-only,https://f-droid.org/repo/io.github.jqssun.airplay_31.apk,25866040,https://github.com/jqssun/android-airplay-server,https://f-droid.org/en/packages/io.github.jqssun.airplay/
Amaze File Utilities,com.amaze.fileutilities,Cast,1.94,GPL-3.0-or-later,https://f-droid.org/repo/com.amaze.fileutilities_144.apk,38975776,https://github.com/TeamAmaze/AmazeFileUtilities,https://f-droid.org/en/packages/com.amaze.fileutilities/
CastLab,app.fedilab.castlab,Cast,1.6.0,GPL-3.0-only,https://f-droid.org/repo/app.fedilab.castlab_15.apk,54546572,https://codeberg.org/tom79/CastLab,https://f-droid.org/en/packages/app.fedilab.castlab/
Aurora Store,com.aurora.store,App Store & Updater,4.8.4,GPL-3.0-or-later,https://f-droid.org/repo/com.aurora.store_76.apk,9360088,https://gitlab.com/AuroraOSS/AuroraStore,https://f-droid.org/en/packages/com.aurora.store/
Droid-ify,com.looker.droidify,App Store & Updater,0.7.7,GPL-3.0-or-later,https://f-droid.org/repo/com.looker.droidify_770.apk,6132710,https://github.com/Droid-ify/client,https://f-droid.org/en/packages/com.looker.droidify/
F-Droid,org.fdroid.fdroid,App Store & Updater,2.0.1,GPL-3.0-or-later,https://f-droid.org/repo/org.fdroid.fdroid_2000051.apk,12537183,https://gitlab.com/fdroid/fdroidclient,https://f-droid.org/en/packages/org.fdroid.fdroid/
Atmo Engine,com.saad_khan_rind.atmosphere_effect,Wallpaper,7.3.1,MIT,https://f-droid.org/repo/com.saad_khan_rind.atmosphere_effect_300731.apk,23022664,https://github.com/saad-khan-rind/nosatmosphereeffect,https://f-droid.org/en/packages/com.saad_khan_rind.atmosphere_effect/
AuraOrbit,dev.jaimin.auraorbit,Wallpaper,3.0.0,GPL-3.0-only,https://f-droid.org/repo/dev.jaimin.auraorbit_10.apk,15820371,https://github.com/JaiminPatel345/AuraOrbit,https://f-droid.org/en/packages/dev.jaimin.auraorbit/
Blurred Lines,cxa.lineswallpaper,Wallpaper,1.6,MIT,https://f-droid.org/repo/cxa.lineswallpaper_14.apk,3068973,https://github.com/ghisguth/sunlight/tree/HEAD/blurredlines,https://f-droid.org/en/packages/cxa.lineswallpaper/
Brownian Particles Live Wallpaper,io.github.dergenaue.brownianparticles,Wallpaper,1.0,Apache-2.0,https://f-droid.org/repo/io.github.dergenaue.brownianparticles_1.apk,128015,https://github.com/DerGenaue/BrownianParticles,https://f-droid.org/en/packages/io.github.dergenaue.brownianparticles/
Cardboard Museum,com.example.forgottenumbrella.cardboardmuseum,Wallpaper,2.2.0,GPL-3.0-or-later,https://f-droid.org/repo/com.example.forgottenumbrella.cardboardmuseum_18.apk,2276231,https://gitlab.com/ForgottenUmbrella/cardboardmuseum,https://f-droid.org/en/packages/com.example.forgottenumbrella.cardboardmuseum/
FileManagerSphere,com.etb.filemanager,File Manager,1.1.1,GPL-3.0-or-later,https://f-droid.org/repo/com.etb.filemanager_3.apk,9598435,https://github.com/Ruan625Br/FileManagerSphere,https://f-droid.org/en/packages/com.etb.filemanager/
FilePipe: Auto Files Organizer,dev.bikram.filepipe.gh,File Manager,3.11.3,GPL-3.0-only,https://f-droid.org/repo/dev.bikram.filepipe.gh_31103.apk,5628838,https://github.com/bikram-agarwal/FilePipe,https://f-droid.org/en/packages/dev.bikram.filepipe.gh/
Files,com.documentsui.shortcut,File Manager,1.0.8,Apache-2.0,https://f-droid.org/repo/com.documentsui.shortcut_9.apk,152815,https://github.com/surf5726/documentsui-shortcut,https://f-droid.org/en/packages/com.documentsui.shortcut/
addy.io,host.stjin.anonaddy,Email,v6.5.0,MIT,https://f-droid.org/repo/host.stjin.anonaddy_376500300.apk,18544881,https://github.com/anonaddy/addy-android,https://f-droid.org/en/packages/host.stjin.anonaddy/
Aster Mail: Encrypted Email,org.astermail.android,Email,0.6.191,AGPL-3.0-or-later,https://f-droid.org/repo/org.astermail.android_200.apk,23606300,https://github.com/Aster-Privacy/Aster-Android,https://f-droid.org/en/packages/org.astermail.android/
BlitzMail,de.grobox.blitzmail,Email,0.7.1,AGPL-3.0-or-later,https://f-droid.org/repo/de.grobox.blitzmail_14.apk,2795662,https://github.com/grote/BlitzMail,https://f-droid.org/en/packages/de.grobox.blitzmail/
Abstract Dots and Lines,com.towerillusion.abdal,Board Game,1.0.0,MIT,https://f-droid.org/repo/com.towerillusion.abdal_1.apk,34754867,https://github.com/towerillusionii/Abstract-Dots-and-Lines,https://f-droid.org/en/packages/com.towerillusion.abdal/
Aeon's End,com.games.boardgames.aeonsend,Board Game,1.0,GPL-3.0-only,https://f-droid.org/repo/com.games.boardgames.aeonsend_1.apk,4143785,https://github.com/JanSvoboda/aeonsend-randomizer,https://f-droid.org/en/packages/com.games.boardgames.aeonsend/
Bagatur Chess Engine,com.bagaturchess,Board Game,1.3.8,GPL-2.0-only,https://f-droid.org/repo/com.bagaturchess_138.apk,10894061,https://github.com/MetatransApps/Android_APK_ChessEngineBagatur,https://f-droid.org/en/packages/com.bagaturchess/
Battleship,com.cocode.battleship,Board Game,1.0.13,Apache-2.0,https://f-droid.org/repo/com.cocode.battleship_1000013.apk,1296838,https://github.com/cocodedk/Battleship,https://f-droid.org/en/packages/com.cocode.battleship/
Battleship Game (Privacy Friendly),org.secuso.privacyfriendlybattleship,Board Game,2.0.0,GPL-3.0-or-later,https://f-droid.org/repo/org.secuso.privacyfriendlybattleship_101.apk,5825971,https://github.com/SecUSo/privacy-friendly-battleship,https://f-droid.org/en/packages/org.secuso.privacyfriendlybattleship/
Blichess,com.vovagorodok.blichess,Board Game,8.0.0+ble2.5.1,GPL-3.0-or-later,https://f-droid.org/repo/com.vovagorodok.blichess_29.apk,62074968,https://github.com/vovagorodok/blichess/,https://f-droid.org/en/packages/com.vovagorodok.blichess/
Blidraughts,com.vovagorodok.blidraughts,Board Game,2.3.0+ble2.5.1,GPL-3.0-or-later,https://f-droid.org/repo/com.vovagorodok.blidraughts_3.apk,36836253,https://github.com/vovagorodok/blidraughts/,https://f-droid.org/en/packages/com.vovagorodok.blidraughts/
Aucards,vadimerenkov.aucards,Text to Speech,2.6.1,GPL-3.0-or-later,https://f-droid.org/repo/vadimerenkov.aucards_21.apk,3858416,https://github.com/vadimerenkov/Aucards,https://f-droid.org/en/packages/vadimerenkov.aucards/
ChineseTtsTflite,com.benjaminwan.chinesettstflite,Text to Speech,0.5.0,Apache-2.0,https://f-droid.org/repo/com.benjaminwan.chinesettstflite_5.apk,70075044,https://github.com/benjaminwan/ChineseTtsTflite,https://f-droid.org/en/packages/com.benjaminwan.chinesettstflite/
eSpeak,com.reecedunn.espeak,Text to Speech,1.52.0,GPL-3.0-or-later,https://f-droid.org/repo/com.reecedunn.espeak_22.apk,10446659,https://github.com/espeak-ng/espeak-ng,https://f-droid.org/en/packages/com.reecedunn.espeak/
good-echo,com.goodecho.app,Recorder,2.0.0,GPL-3.0-or-later,https://f-droid.org/repo/com.goodecho.app_15.apk,1634080,https://github.com/shkarlsson/good-echo,https://f-droid.org/en/packages/com.goodecho.app/
Jiyi,com.github.xiaoshihou.jiyi,Recorder,1.0.4,GPL-3.0-only,https://f-droid.org/repo/com.github.xiaoshihou.jiyi_153.apk,76629316,https://github.com/xiaoshihou514/jiyi,https://f-droid.org/en/packages/com.github.xiaoshihou.jiyi/
Open Recorder,com.openrecorder.app,Recorder,1.0.1,GPL-3.0-only,https://f-droid.org/repo/com.openrecorder.app_10001.apk,2667401,https://github.com/NoneBaiano/OpenRecorder,https://f-droid.org/en/packages/com.openrecorder.app/
AiCamera,com.lun.chin.aicamera,Camera,1.0,MIT,https://f-droid.org/repo/com.lun.chin.aicamera_1.apk,35869667,https://bitbucket.org/chlun/aicamera,https://f-droid.org/en/packages/com.lun.chin.aicamera/
Alibi,app.myzel394.alibi,Camera,0.5.3,GPL-3.0-only,https://f-droid.org/repo/app.myzel394.alibi_16.apk,124911021,https://github.com/Myzel394/Alibi,https://f-droid.org/en/packages/app.myzel394.alibi/
Android IP Camera,com.github.digitallyrefined.androidipcamera,Camera,0.14.0,MIT,https://f-droid.org/repo/com.github.digitallyrefined.androidipcamera_140.apk,5181794,https://github.com/DigitallyRefined/android-ip-camera,https://f-droid.org/en/packages/com.github.digitallyrefined.androidipcamera/
CameraAlign,org.jshobbysoft.cameraalign,Camera,3.4,AGPL-3.0-or-later,https://f-droid.org/repo/org.jshobbysoft.cameraalign_11.apk,2135485,https://github.com/JS-HobbySoft/CameraAlign,https://f-droid.org/en/packages/org.jshobbysoft.cameraalign/
CameraFileCopy,org.cimbar.camerafilecopy,Camera,0.6.4f,MIT,https://f-droid.org/repo/org.cimbar.camerafilecopy_23.apk,10956562,https://github.com/sz3/cfc,https://f-droid.org/en/packages/org.cimbar.camerafilecopy/
Cams,com.vladpen.cams,Camera,2.5.1,GPL-2.0-or-later,https://f-droid.org/repo/com.vladpen.cams_1010134.apk,28902315,https://github.com/vladpen/cams,https://f-droid.org/en/packages/com.vladpen.cams/
Chat Room,com.chatroom.app,Messaging,2.0.2,MIT,https://f-droid.org/repo/com.chatroom.app_202.apk,7594513,https://github.com/44114/android-room,https://f-droid.org/en/packages/com.chatroom.app/
Ermis,io.github.koukobin.ermis.ermismobile,Messaging,1.5.1,AGPL-3.0-only,https://f-droid.org/repo/io.github.koukobin.ermis.ermismobile_2021.apk,52170706,https://github.com/Koukobin/Ermis,https://f-droid.org/en/packages/io.github.koukobin.ermis.ermismobile/
Kryptos,com.kryptos.android,Messaging,2.4,AGPL-3.0-only,https://f-droid.org/repo/com.kryptos.android_13.apk,25895633,https://github.com/swisslite/Kryptos,https://f-droid.org/en/packages/com.kryptos.android/
AAT Another Activity Tracker,ch.bailu.aat,Location Tracker & Sharer,v1.30.1,GPL-3.0-or-later,https://f-droid.org/repo/ch.bailu.aat_45.apk,4065198,https://github.com/bailuk/AAT,https://f-droid.org/en/packages/ch.bailu.aat/
Colota - GPS Location Tracker,com.Colota,Location Tracker & Sharer,1.19.0,AGPL-3.0-only,https://f-droid.org/repo/com.Colota_51.apk,45003401,https://github.com/dietrichmax/colota,https://f-droid.org/en/packages/com.Colota/
Dawarich (Community),com.sunstep.travel.foss,Location Tracker & Sharer,0.20.0-foss,GPL-3.0-or-later,https://f-droid.org/repo/com.sunstep.travel.foss_260516000.apk,48086028,https://github.com/sunstep/dawarich-community,https://f-droid.org/en/packages/com.sunstep.travel.foss/
Duper,fr.sudotiz.duper,Location Tracker & Sharer,2.1.2,GPL-3.0-only,https://f-droid.org/repo/fr.sudotiz.duper_2001002.apk,1261778,https://github.com/sudo-Tiz/Duper,https://f-droid.org/en/packages/fr.sudotiz.duper/
1Key Password Manager,com.roufsyed.onekey,Password & 2FA,1.1.1,GPL-3.0-only,https://f-droid.org/repo/com.roufsyed.onekey_3.apk,4738420,https://github.com/roufsyed/1Key,https://f-droid.org/en/packages/com.roufsyed.onekey/
Advanced PassGen,com.codedead.advancedpassgen,Password & 2FA,1.0.3,GPL-3.0-only,https://f-droid.org/repo/com.codedead.advancedpassgen_4.apk,3129862,https://github.com/CodeDead/advanced-passgen-android,https://f-droid.org/en/packages/com.codedead.advancedpassgen/
Aegis Authenticator,com.beemdevelopment.aegis,Password & 2FA,3.4.3,GPL-3.0-only,https://f-droid.org/repo/com.beemdevelopment.aegis_82.apk,6869856,https://github.com/beemdevelopment/Aegis,https://f-droid.org/en/packages/com.beemdevelopment.aegis/
AIPOS Password Manager,com.aipos.aipospm,Password & 2FA,1.3.0,Apache-2.0,https://f-droid.org/repo/com.aipos.aipospm_6.apk,15847516,https://github.com/gininaba/AIPOSPasswordManager,https://f-droid.org/en/packages/com.aipos.aipospm/
AliasVault,net.aliasvault.app,Password & 2FA,0.30.7,AGPL-3.0-or-later,https://f-droid.org/repo/net.aliasvault.app_3007900.apk,174114025,https://github.com/lanedirt/AliasVault,https://f-droid.org/en/packages/net.aliasvault.app/
ANOTHERpass,de.jepfa.yapm,Password & 2FA,2.2.6,MIT,https://f-droid.org/repo/de.jepfa.yapm_202006.apk,14413991,https://github.com/jenspfahl/ANOTHERpass,https://f-droid.org/en/packages/de.jepfa.yapm/
Auth Token,uk.co.bitethebullet.android.token,Password & 2FA,3.0,GPL-3.0-only,https://f-droid.org/repo/uk.co.bitethebullet.android.token_6.apk,3191874,https://github.com/markmcavoy/androidtoken,https://f-droid.org/en/packages/uk.co.bitethebullet.android.token/
Authnkey,pl.lebihan.authnkey,Password & 2FA,1.2.6,MIT,https://f-droid.org/repo/pl.lebihan.authnkey_13.apk,2843582,https://github.com/mimi89999/Authnkey,https://f-droid.org/en/packages/pl.lebihan.authnkey/
"1List - Simple Lists for TODO, Shopping, Movies...",com.lolo.io.onelist,Science & Education,1.5.3,MIT,https://f-droid.org/repo/com.lolo.io.onelist_22.apk,2497499,https://github.com/lolo-io/OneList,https://f-droid.org/en/packages/com.lolo.io.onelist/
a-rithist,com.github.sourzo.a_rithist,Science & Education,1.0.7,AGPL-3.0-only,https://f-droid.org/repo/com.github.sourzo.a_rithist_8.apk,7760301,https://github.com/sourzo/arithist,https://f-droid.org/en/packages/com.github.sourzo.a_rithist/
Aalener Optik-Formelrechner,de.HS_Aalen.don,Science & Education,1.13,GPL-3.0-or-later,https://f-droid.org/repo/de.HS_Aalen.don_7.apk,1967873,https://gitlab.com/HS_Aalen_RN/Aalener_Optik-Formelrechner,https://f-droid.org/en/packages/de.HS_Aalen.don/
Advanced PortChecker,com.codedead.advancedportchecker,Science & Education,1.5.4,GPL-3.0-only,https://f-droid.org/repo/com.codedead.advancedportchecker_17.apk,2930853,https://github.com/CodeDead/Advanced-PortChecker-android,https://f-droid.org/en/packages/com.codedead.advancedportchecker/
aksharam,in.digistorm.aksharam,Science & Education,1.0.1,GPL-3.0-or-later,https://f-droid.org/repo/in.digistorm.aksharam_8.apk,7041780,https://github.com/NyxTrail/aksharam,https://f-droid.org/en/packages/in.digistorm.aksharam/
Anki Image Occlusion,io.krmanik.ankiimageocclusion,Science & Education,1.4.8,GPL-3.0-or-later,https://f-droid.org/repo/io.krmanik.ankiimageocclusion_14800.apk,1766595,https://github.com/krmanik/Anki-Occlusion,https://f-droid.org/en/packages/io.krmanik.ankiimageocclusion/
AnkiDroid: Flashcards,com.ichi2.anki,Science & Education,2.24.1,AGPL-3.0-or-later,https://f-droid.org/repo/com.ichi2.anki_22401300.apk,106958395,https://github.com/ankidroid/Anki-Android,https://f-droid.org/en/packages/com.ichi2.anki/
AnkiEditor,com.jkcarino.ankieditor,Science & Education,0.2.4,GPL-3.0-or-later,https://f-droid.org/repo/com.jkcarino.ankieditor_9.apk,1787892,https://github.com/jkennethcarino/AnkiEditor,https://f-droid.org/en/packages/com.jkcarino.ankieditor/
AnyMemo,org.liberty.android.fantastischmemo,Science & Education,10.12.2,GPL-2.0-only,https://f-droid.org/repo/org.liberty.android.fantastischmemo_241.apk,8955073,https://github.com/helloworld1/AnyMemo,https://f-droid.org/en/packages/org.liberty.android.fantastischmemo/
AtmosphereLogger,org.tamanegi.atmosphere,Science & Education,0.2.3,PublicDomain,https://f-droid.org/repo/org.tamanegi.atmosphere_9.apk,512278,https://github.com/lllllT/AtmosphereLogger,https://f-droid.org/en/packages/org.tamanegi.atmosphere/
AudioLex,de.hexenwoche.audiolex,Science & Education,0.37.0,Apache-2.0,https://f-droid.org/repo/de.hexenwoche.audiolex_49.apk,31804389,https://github.com/bois1616/audiolex,https://f-droid.org/en/packages/de.hexenwoche.audiolex/
Baby Name,fr.hnit.babyname,Science & Education,2.0.4,GPL-3.0-or-later,https://f-droid.org/repo/fr.hnit.babyname_204.apk,5899873,https://github.com/mdecorde/BabyName,https://f-droid.org/en/packages/fr.hnit.babyname/
Backlog Tracker,com.debojitsantra.backlogtracker,Science & Education,1.2.5,Apache-2.0,https://f-droid.org/repo/com.debojitsantra.backlogtracker_8.apk,4014988,https://github.com/debojitsantra/BacklogTracker,https://f-droid.org/en/packages/com.debojitsantra.backlogtracker/
Balance,org.eukalyptus.balance,Science & Education,1.0,GPL-3.0-only,https://f-droid.org/repo/org.eukalyptus.balance_1.apk,28693298,https://codeberg.org/PrivacyBlog/Balance,https://f-droid.org/en/packages/org.eukalyptus.balance/
Birdipedia,de.katzenmue.birdipedia,Science & Education,1.1.3,AGPL-3.0-only,https://f-droid.org/repo/de.katzenmue.birdipedia_113.apk,8395362,https://codeberg.org/JetpackJackson/Birdipedia,https://f-droid.org/en/packages/de.katzenmue.birdipedia/
Blitzortung Lightning Monitor,org.blitzortung.android.app,Science & Education,2.5.2,Apache-2.0,https://f-droid.org/repo/org.blitzortung.android.app_352.apk,4707142,https://github.com/wuan/bo-android,https://f-droid.org/en/packages/org.blitzortung.android.app/
Blue Line Solar Info,net.nhiroki.bluelinesolarinfo,Science & Education,0.1.6,Apache-2.0,https://f-droid.org/repo/net.nhiroki.bluelinesolarinfo_7.apk,1614468,https://github.com/nhirokinet/bluelinesolarinfo,https://f-droid.org/en/packages/net.nhiroki.bluelinesolarinfo/
BOINC,edu.berkeley.boinc,Science & Education,8.2.9,LGPL-3.0-or-later,https://f-droid.org/repo/edu.berkeley.boinc_80209.apk,18363979,https://github.com/BOINC/boinc,https://f-droid.org/en/packages/edu.berkeley.boinc/
Bubble,org.woheller69.level,Science & Education,3.5,GPL-3.0-or-later,https://f-droid.org/repo/org.woheller69.level_35.apk,1342270,https://github.com/woheller69/level,https://f-droid.org/en/packages/org.woheller69.level/
c-beam,org.c_base.c_beam,Science & Education,26.07.0,WTFPL,https://f-droid.org/repo/org.c_base.c_beam_38.apk,6089543,https://github.com/c-base/c-beam-droid,https://f-droid.org/en/packages/org.c_base.c_beam/
Calyx - Grow Tracker,com.gurkenwerfer.calyx,Science & Education,1.3.0,GPL-3.0-or-later,https://f-droid.org/repo/com.gurkenwerfer.calyx_7.apk,15210220,https://github.com/stefexec/calyx,https://f-droid.org/en/packages/com.gurkenwerfer.calyx/
Celestia,space.celestia.mobilecelestia,Science & Education,26.9.0,GPL-2.0-or-later,https://f-droid.org/repo/space.celestia.mobilecelestia_726.apk,450778226,https://github.com/celestiamobile/AndroidCelestia/,https://f-droid.org/en/packages/space.celestia.mobilecelestia/
CEToolbox,com.github.cetoolbox,Science & Education,1.6.1,Apache-2.0,https://f-droid.org/repo/com.github.cetoolbox_17.apk,806119,https://github.com/cetoolbox/cetoolbox,https://f-droid.org/en/packages/com.github.cetoolbox/
ChemSearch,com.furthersecrets.chemsearch,Science & Education,1.14.0,MIT,https://f-droid.org/repo/com.furthersecrets.chemsearch_11400.apk,5498109,https://github.com/FurtherSecrets24680/chemsearch-android,https://f-droid.org/en/packages/com.furthersecrets.chemsearch/
Clay Tablet,com.mehrphilalethes.claytablet,Science & Education,1.0,GPL-3.0-or-later,https://f-droid.org/repo/com.mehrphilalethes.claytablet_1.apk,5495226,https://gitlab.com/mehrphilalethes/claytablet,https://f-droid.org/en/packages/com.mehrphilalethes.claytablet/
Break.Down.Timer,de.jepfa.bdt,Timer,1.5.1,MIT,https://f-droid.org/repo/de.jepfa.bdt_10501.apk,57174417,https://github.com/jenspfahl/BDT,https://f-droid.org/en/packages/de.jepfa.bdt/
C2K — Couch to 5K & 10K,com.hackerapps.c2k,Timer,1.2.19,GPL-3.0-only,https://f-droid.org/repo/com.hackerapps.c2k_26.apk,2358092,https://github.com/AnalogGhost/c2k,https://f-droid.org/en/packages/com.hackerapps.c2k/
Chibe,com.jmstudios.chibe,Timer,1.2.2,GPL-3.0-or-later,https://f-droid.org/repo/com.jmstudios.chibe_5.apk,3900542,https://github.com/raatmarien/chibe,https://f-droid.org/en/packages/com.jmstudios.chibe/
Acutis Firewall,com.acutis.firewall,Firewall,1.0.6,MIT,https://f-droid.org/repo/com.acutis.firewall_10006.apk,7797155,https://github.com/phasnox/acutis_firewall_android,https://f-droid.org/en/packages/com.acutis.firewall/
AdGuard Content Blocker,com.adguard.android.contentblocker,Firewall,2.8.0,GPL-3.0-or-later,https://f-droid.org/repo/com.adguard.android.contentblocker_22000250.apk,6441239,https://github.com/AdguardTeam/ContentBlocker,https://f-droid.org/en/packages/com.adguard.android.contentblocker/
AFWall+,dev.ukanth.ufirewall,Firewall,4.1.0,GPL-3.0-only,https://f-droid.org/repo/dev.ukanth.ufirewall_20260801.apk,13088815,https://github.com/ukanth/afwall,https://f-droid.org/en/packages/dev.ukanth.ufirewall/
Activity Manager,com.activitymanager,App Manager,5.5.0,Apache-2.0,https://f-droid.org/repo/com.activitymanager_564.apk,5193028,https://github.com/sdex/ActivityManager,https://f-droid.org/en/packages/com.activitymanager/
Amarok,deltazero.amarok.foss,App Manager,0.9.3,Apache-2.0,https://f-droid.org/repo/deltazero.amarok.foss_118.apk,6412002,https://github.com/deltazefiro/Amarok-Hider,https://f-droid.org/en/packages/deltazero.amarok.foss/
Amaze File Manager,com.amaze.filemanager,App Manager,3.11.3,GPL-3.0-or-later,https://f-droid.org/repo/com.amaze.filemanager_125.apk,12329238,https://github.com/TeamAmaze/AmazeFileManager,https://f-droid.org/en/packages/com.amaze.filemanager/
Android Permissions,in.arjsna.permissionchecker,App Manager,2.0,Apache-2.0,https://f-droid.org/repo/in.arjsna.permissionchecker_5.apk,2146178,https://github.com/Arjun-sna/android-permission-checker-app,https://f-droid.org/en/packages/in.arjsna.permissionchecker/
App Manager,io.github.muntashirakon.AppManager,App Manager,4.1.1,GPL-3.0-only,https://f-droid.org/repo/io.github.muntashirakon.AppManager_451.apk,28145654,https://github.com/MuntashirAkon/AppManager,https://f-droid.org/en/packages/io.github.muntashirakon.AppManager/
Aard 2,itkach.aard2,Reading,0.58,GPL-3.0-only,https://f-droid.org/repo/itkach.aard2_58.apk,3496734,https://github.com/itkach/aard2-android,https://f-droid.org/en/packages/itkach.aard2/
Aggregator,com.tughi.aggregator,Reading,Preview:034,GPL-3.0-only,https://f-droid.org/repo/com.tughi.aggregator_299034.apk,6829388,https://github.com/tughi/aggregator-android,https://f-droid.org/en/packages/com.tughi.aggregator/
Al-Azkar,com.hassaneltantawy.alazkar,Reading,1.2.0,GPL-3.0-only,https://f-droid.org/repo/com.hassaneltantawy.alazkar_15.apk,57868060,https://github.com/muslimpack/Al-Azkar,https://f-droid.org/en/packages/com.hassaneltantawy.alazkar/
Al-Quran - Simple,com.github.meypod.al_quran,Reading,1.1.1,AGPL-3.0-only,https://f-droid.org/repo/com.github.meypod.al_quran_43.apk,20046744,https://github.com/meypod/al-quran,https://f-droid.org/en/packages/com.github.meypod.al_quran/
AndBible: Bible Study,net.bible.android.activity,Reading,5.1.1117,GPL-3.0-or-later,https://f-droid.org/repo/net.bible.android.activity_1117.apk,23220571,https://github.com/AndBible/and-bible,https://f-droid.org/en/packages/net.bible.android.activity/
arXiv eXplorer - Mobile App for arXiv.org,com.gbeatty.arxiv,Reading,4.0.4,MIT,https://f-droid.org/repo/com.gbeatty.arxiv_39.apk,3215875,https://github.com/GarrettBeatty/arXiv-eXplorer,https://f-droid.org/en/packages/com.gbeatty.arxiv/
Baby Books,com.serwylo.babybook,Reading,0.9.2,GPL-3.0-or-later,https://f-droid.org/repo/com.serwylo.babybook_12.apk,21054062,https://github.com/babydots/babybook,https://f-droid.org/en/packages/com.serwylo.babybook/
Badreads,com.timenotclocks.bookcase,Reading,0.2.2,GPL-3.0-only,https://f-droid.org/repo/com.timenotclocks.bookcase_22.apk,6169385,https://github.com/fenimore/badreads,https://f-droid.org/en/packages/com.timenotclocks.bookcase/
Bhagavad Gita,com.wirelessalien.android.bhagavadgita,Reading,3.4,GPL-3.0-only,https://f-droid.org/repo/com.wirelessalien.android.bhagavadgita_9.apk,10277906,https://github.com/WirelessAlien/BhagavadGitaApp,https://f-droid.org/en/packages/com.wirelessalien.android.bhagavadgita/
Bibel-Kapitel-Losung,de.bernd.bikalo,Reading,1.0,AGPL-3.0-only,https://f-droid.org/repo/de.bernd.bikalo_1.apk,6007169,https://gitlab.com/y1273/bibelkapitellosung,https://f-droid.org/en/packages/de.bernd.bikalo/
Bible Notify,com.correctsyntax.biblenotify,Reading,4.12.0,GPL-3.0-only,https://f-droid.org/repo/com.correctsyntax.biblenotify_23.apk,9859455,https://github.com/BibleNotify/BibleNotify,https://f-droid.org/en/packages/com.correctsyntax.biblenotify/
Bibledit,org.bibledit.android,Reading,5.1.046,GPL-3.0-or-later,https://f-droid.org/repo/org.bibledit.android_181.apk,82693344,https://github.com/bibledit/android,https://f-droid.org/en/packages/org.bibledit.android/
Bibleside,com.bibleside.bibleside,Reading,0.3.1-alpha,GPL-3.0-only,https://f-droid.org/repo/com.bibleside.bibleside_11.apk,51139394,https://github.com/Correct-Syntax/bible_side,https://f-droid.org/en/packages/com.bibleside.bibleside/
Baker's Percentage Calculator,com.pep1lo.bakerspercentagecalculator,Recipe Manager,1.6.1,Apache-2.0,https://f-droid.org/repo/com.pep1lo.bakerspercentagecalculator_7.apk,2005290,https://github.com/alvaromrod/Bakers-percentage-calculator,https://f-droid.org/en/packages/com.pep1lo.bakerspercentagecalculator/
Broccoli: The Green Recipe App,com.flauschcode.broccoli,Recipe Manager,1.4.7,GPL-3.0-only,https://f-droid.org/repo/com.flauschcode.broccoli_1040700.apk,9532742,https://github.com/flauschtrud/broccoli,https://f-droid.org/en/packages/com.flauschcode.broccoli/
EnRecipes,com.vishnuraghav.EnRecipes,Recipe Manager,2.0.2,GPL-3.0-only,https://f-droid.org/repo/com.vishnuraghav.EnRecipes_3.apk,25252779,,https://f-droid.org/en/packages/com.vishnuraghav.EnRecipes/
Apollo,org.nuclearfog.apollo,Local Media Player,1.7.9,GPL-3.0-or-later,https://f-droid.org/repo/org.nuclearfog.apollo_77.apk,1856681,https://codeberg.org/nuclearfog/Apollo,https://f-droid.org/en/packages/org.nuclearfog.apollo/
Auxio,org.oxycblt.auxio,Local Media Player,4.1.5,GPL-3.0-only,https://f-droid.org/repo/org.oxycblt.auxio_75.apk,11229630,https://github.com/OxygenCobalt/Auxio,https://f-droid.org/en/packages/org.oxycblt.auxio/
Booming Music,com.mardous.booming,Local Media Player,1.4.1,GPL-3.0-only,https://f-droid.org/repo/com.mardous.booming_1410300.apk,22980163,https://github.com/mardous/BoomingMusic,https://f-droid.org/en/packages/com.mardous.booming/
Chocola,com.sosauce.cutemusic,Local Media Player,4.4.2,GPL-3.0-only,https://f-droid.org/repo/com.sosauce.cutemusic_50010.apk,11378173,https://github.com/sosauce/Chocola,https://f-droid.org/en/packages/com.sosauce.cutemusic/
Classical Music Scanner,de.kromke.andreas.mediascanner,Local Media Player,1.9.1,GPL-3.0-only,https://f-droid.org/repo/de.kromke.andreas.mediascanner_23.apk,7168316,https://gitlab.com/AndreasK/mediascanner,https://f-droid.org/en/packages/de.kromke.andreas.mediascanner/
Classical Music Tagger,de.kromke.andreas.musictagger,Local Media Player,1.11,GPL-3.0-only,https://f-droid.org/repo/de.kromke.andreas.musictagger_34.apk,2955017,https://gitlab.com/AndreasK/classical-music-tagger,https://f-droid.org/en/packages/de.kromke.andreas.musictagger/
ClassiPod,com.adeeteya.classipod,Local Media Player,1.12.0,BSD-4-Clause,https://f-droid.org/repo/com.adeeteya.classipod_25.apk,58453479,https://github.com/adeeteya/Classipod,https://f-droid.org/en/packages/com.adeeteya.classipod/
cmus music player (android),net.pgaskin.cmus.android,Local Media Player,6,GPL-2.0-only,https://f-droid.org/repo/net.pgaskin.cmus.android_6.apk,7713370,https://github.com/pgaskin/cmus-android,https://f-droid.org/en/packages/net.pgaskin.cmus.android/
Cover Fetcher,com.kanedias.vanilla.coverfetch,Local Media Player,1.4.9,GPL-3.0-only,https://f-droid.org/repo/com.kanedias.vanilla.coverfetch_17.apk,511577,https://github.com/vanilla-music/vanilla-music-cover-fetch,https://f-droid.org/en/packages/com.kanedias.vanilla.coverfetch/
BlackCandy,org.blackcandy.androidApp,Online Media Player,2.0.2,MIT,https://f-droid.org/repo/org.blackcandy.androidApp_7.apk,13179928,https://github.com/blackcandy-org/app,https://f-droid.org/en/packages/org.blackcandy.androidApp/
Chora,com.craftworks.music,Online Media Player,1.31.1,Apache-2.0,https://f-droid.org/repo/com.craftworks.music_311.apk,4871403,https://github.com/CraftWorksMC/Chora,https://f-droid.org/en/packages/com.craftworks.music/
Coppelia,com.matelsky.coppelia,Online Media Player,0.1.2,Apache-2.0,https://f-droid.org/repo/com.matelsky.coppelia_223.apk,30681865,https://github.com/j6k4m8/coppelia,https://f-droid.org/en/packages/com.matelsky.coppelia/
39C3 Schedule,info.metadude.android.congress.schedule,Schedule,1.77.1,Apache-2.0,https://f-droid.org/repo/info.metadude.android.congress.schedule_121.apk,8232654,https://github.com/EventFahrplan/EventFahrplan,https://f-droid.org/en/packages/info.metadude.android.congress.schedule/
Bits & Bäume 2022 Schedule,info.metadude.android.bitsundbaeume.schedule,Schedule,1.55.1-Bits-und-Baeume-Edition,Apache-2.0,https://f-droid.org/repo/info.metadude.android.bitsundbaeume.schedule_90.apk,4368844,https://github.com/johnjohndoe/CampFahrplan/tree/bitsundbaeume-2022,https://f-droid.org/en/packages/info.metadude.android.bitsundbaeume.schedule/
Camp 2023,info.metadude.android.cccamp.schedule,Schedule,1.61.0-CCCamp-Edition,Apache-2.0,https://f-droid.org/repo/info.metadude.android.cccamp.schedule_96.apk,6000260,https://github.com/EventFahrplan/EventFahrplan,https://f-droid.org/en/packages/info.metadude.android.cccamp.schedule/
CLT 2026 Schedule,info.metadude.android.clt.schedule,Schedule,1.74.2-CLT-Edition,Apache-2.0,https://f-droid.org/repo/info.metadude.android.clt.schedule_117.apk,9031954,https://github.com/johnjohndoe/CampFahrplan,https://f-droid.org/en/packages/info.metadude.android.clt.schedule/
CBTAndroid,com.theworld.help.cbtandroid,Mental Health,0.0.5,GPL-3.0-only,https://f-droid.org/repo/com.theworld.help.cbtandroid_4.apk,2045244,https://gitlab.com/copoer/CBTAndroid/tree/HEAD,https://f-droid.org/en/packages/com.theworld.help.cbtandroid/
Daily You,com.demizo.daily_you,Mental Health,3.5.0,GPL-3.0-only,https://f-droid.org/repo/com.demizo.daily_you_30050003.apk,15717889,https://github.com/Demizo/Daily_You,https://f-droid.org/en/packages/com.demizo.daily_you/
FeelS,com.z3itt.feels,Mental Health,1.0.3,GPL-3.0-or-later,https://f-droid.org/repo/com.z3itt.feels_5.apk,17769607,https://github.com/z3itt/FeelS,https://f-droid.org/en/packages/com.z3itt.feels/
8-Bit Wonders,de.rainerhock.eightbitwonders,Emulator,0.8.11,GPL-2.0-or-later,https://f-droid.org/repo/de.rainerhock.eightbitwonders_100100.apk,38141850,https://gitlab.com/eightbitwonders/app,https://f-droid.org/en/packages/de.rainerhock.eightbitwonders/
AlexGames,net.alexbarry.alexgames,Emulator,0.0.3,AGPL-3.0-only,https://f-droid.org/repo/net.alexbarry.alexgames_2.apk,13900183,https://github.com/alexbarry/AlexGames,https://f-droid.org/en/packages/net.alexbarry.alexgames/
Dolphin Emulator,org.dolphinemu.dolphinemu,Emulator,2603a,GPL-2.0-or-later,https://f-droid.org/repo/org.dolphinemu.dolphinemu_42460.apk,20588646,https://github.com/dolphin-emu/dolphin,https://f-droid.org/en/packages/org.dolphinemu.dolphinemu/
Archlinux Forums,com.kanedias.archforums,Forum,1.2.8,GPL-3.0-or-later,https://f-droid.org/repo/com.kanedias.archforums_160000.apk,9799935,https://gitlab.com/Kanedias/archforums-android,https://f-droid.org/en/packages/com.kanedias.archforums/
Bangumi,com.czy0729.bangumi,Forum,7.7.0,MIT,https://f-droid.org/repo/com.czy0729.bangumi_70701.apk,47791977,https://github.com/czy0729/Bangumi,https://f-droid.org/en/packages/com.czy0729.bangumi/
Bienvenido a Internet,org.bienvenidoainternet.app,Forum,1.9.1,GPL-3.0-only,https://f-droid.org/repo/org.bienvenidoainternet.app_13.apk,4280130,https://github.com/Renard1911/BaiApp,https://f-droid.org/en/packages/org.bienvenidoainternet.app/
Blorp,xyz.blorpblorp.app,Forum,1.14.0,AGPL-3.0-only,https://f-droid.org/repo/xyz.blorpblorp.app_1779223086.apk,16578489,https://github.com/Blorp-Labs/blorp,https://f-droid.org/en/packages/xyz.blorpblorp.app/
99Managers Futsal Edition,org99managers.futsal_edition,Sport Game,v0.9.1,AGPL-3.0-or-later,https://f-droid.org/repo/org99managers.futsal_edition_18.apk,48365827,https://codeberg.org/dulvui/99managers-futsal-edition/,https://f-droid.org/en/packages/org99managers.futsal_edition/
Accelerrace,org.asafonov.accelerace,Sport Game,0.12,MIT,https://f-droid.org/repo/org.asafonov.accelerace_12.apk,911070,https://github.com/asafonov/accelerace.apk,https://f-droid.org/en/packages/org.asafonov.accelerace/
DragTree,com.flyboybyte.dragtree,Sport Game,1.7.3,MIT,https://f-droid.org/repo/com.flyboybyte.dragtree_164.apk,33856300,https://github.com/flyboy-byte/drag-tree,https://f-droid.org/en/packages/com.flyboybyte.dragtree/
Achie,ru.ikkui.achie,Time Tracker,1.4,GPL-2.0-only,https://f-droid.org/repo/ru.ikkui.achie_9.apk,9838727,https://github.com/IgorKruchinin/AchieApp,https://f-droid.org/en/packages/ru.ikkui.achie/
ActivityWatch,net.activitywatch.android,Time Tracker,0.14.2,MPL-2.0,https://f-droid.org/repo/net.activitywatch.android_46.apk,269250225,https://github.com/ActivityWatch/aw-android,https://f-droid.org/en/packages/net.activitywatch.android/
GetFlow,org.wentura.getflow,Time Tracker,1.0.0,GPL-3.0-or-later,https://f-droid.org/repo/org.wentura.getflow_1.apk,2304548,https://github.com/AdrianMiozga/GetFlow,https://f-droid.org/en/packages/org.wentura.getflow/
3D Geometry Animation,io.github.nvlad1.function3danimator,Graphics,1.5.0,MIT,https://f-droid.org/repo/io.github.nvlad1.function3danimator_26.apk,2551415,https://github.com/NVlad1/3D-Geometry-Animation,https://f-droid.org/en/packages/io.github.nvlad1.function3danimator/
3D Model Viewer,org.andresoviedo.dddmodel2,Graphics,4.1.1,MIT,https://f-droid.org/repo/org.andresoviedo.dddmodel2_36.apk,12627975,https://github.com/the3deers/android-3D-model-viewer,https://f-droid.org/en/packages/org.andresoviedo.dddmodel2/
AnDraw,se.constructions.andraw,Graphics,1.0.0,GPL-3.0-only,https://f-droid.org/repo/se.constructions.andraw_1.apk,714368,https://github.com/peterhel/andraw,https://f-droid.org/en/packages/se.constructions.andraw/
Barcodegen,de.cryptobitch.muelli.barcodegen,Graphics,0.2,GPL-3.0-only,https://f-droid.org/repo/de.cryptobitch.muelli.barcodegen_2.apk,1569405,https://gitlab.com/muelli/barcodegen/tree/HEAD,https://f-droid.org/en/packages/de.cryptobitch.muelli.barcodegen/
Camera Folder,de.k3b.android.camerafolder,Graphics,1.0.3,GPL-3.0-or-later,https://f-droid.org/repo/de.k3b.android.camerafolder_4.apk,72613,https://github.com/k3b/CameraFolder,https://f-droid.org/en/packages/de.k3b.android.camerafolder/
ClayModeller,uk.org.retallack.claymodeler,Graphics,1.1.0,MIT,https://f-droid.org/repo/uk.org.retallack.claymodeler_2.apk,6283213,https://github.com/mretallack/ClayModeller,https://f-droid.org/en/packages/uk.org.retallack.claymodeler/
ComfyChair,sh.hnet.comfychair,Graphics,v0.8.12,GPL-3.0-only,https://f-droid.org/repo/sh.hnet.comfychair_39.apk,62987459,https://github.com/legal-hkr/comfychair,https://f-droid.org/en/packages/sh.hnet.comfychair/
0x54ask,com.terokarvinen.x54ask,Calendar & Agenda,1.1.2 (fork of Simpletask),GPL-3.0-or-later,https://f-droid.org/repo/com.terokarvinen.x54ask_1010200.apk,13037003,https://gitlab.com/terokarvinen/x54ask,https://f-droid.org/en/packages/com.terokarvinen.x54ask/
Autasker,vadimerenkov.autasker,Calendar & Agenda,1.2.0,GPL-3.0-or-later,https://f-droid.org/repo/vadimerenkov.autasker_6.apk,8265019,https://github.com/vadimerenkov/Autasker,https://f-droid.org/en/packages/vadimerenkov.autasker/
Axichat,im.axi.axichat,Calendar & Agenda,0.8.9,AGPL-3.0-or-later,https://f-droid.org/repo/im.axi.axichat_2017.apk,155513864,https://github.com/axichat/axichat,https://f-droid.org/en/packages/im.axi.axichat/
Birday - Birthday Manager,com.minar.birday,Calendar & Agenda,4.7.2,MIT,https://f-droid.org/repo/com.minar.birday_37.apk,6637562,https://github.com/m-i-n-a-r/birday,https://f-droid.org/en/packages/com.minar.birday/
Birthday Adapter,org.birthdayadapter,Calendar & Agenda,3.13.7,GPL-3.0-only,https://f-droid.org/repo/org.birthdayadapter_31307.apk,3272744,https://github.com/SufficientlySecure/birthday-calendar,https://f-droid.org/en/packages/org.birthdayadapter/
Birthday Calendar,saschpe.contactevents,Calendar & Agenda,1.7.9,GPL-3.0-only,https://f-droid.org/repo/saschpe.contactevents_160179.apk,2097135,https://github.com/saschpe/BirthdayCalendar,https://f-droid.org/en/packages/saschpe.contactevents/
Birthday Countdown,de.drmaxnix.birthdaycountdown,Calendar & Agenda,1.1.2,MIT,https://f-droid.org/repo/de.drmaxnix.birthdaycountdown_4.apk,5258253,https://git.tjdev.de/DrMaxNix/birthdaycountdown,https://f-droid.org/en/packages/de.drmaxnix.birthdaycountdown/
BirthDayDroid,com.tmendes.birthdaydroid,Calendar & Agenda,20211213_V53,GPL-3.0-only,https://f-droid.org/repo/com.tmendes.birthdaydroid_53.apk,2446150,https://gitlab.com/tmendes/BirthDayDroid,https://f-droid.org/en/packages/com.tmendes.birthdaydroid/
CalEF (Calendar Entry Formatter),de.k3b.android.calef,Calendar & Agenda,1.1.2.1,GPL-3.0-or-later,https://f-droid.org/repo/de.k3b.android.calef_6.apk,636288,https://github.com/k3b/CalEF,https://f-droid.org/en/packages/de.k3b.android.calef/
2026 Football Fixtures Widget,com.dasp.worldcup2026,Sports & Health,0.1.0,MIT,https://f-droid.org/repo/com.dasp.worldcup2026_1.apk,33934,https://github.com/uta-dasp/FIFA-WorldCup-2026-Fixture-Widget,https://f-droid.org/en/packages/com.dasp.worldcup2026/
AFReplacer,ru.ifproject.android.afr,Sports & Health,0.4.1,GPL-3.0-or-later,https://f-droid.org/repo/ru.ifproject.android.afr_14.apk,800438,https://github.com/hexedit/amazfit-face-replacer,https://f-droid.org/en/packages/ru.ifproject.android.afr/
Aktivpause to Go,org.secuso.aktivpause,Sports & Health,1.2.6,GPL-3.0-or-later,https://f-droid.org/repo/org.secuso.aktivpause_102.apk,15570257,https://github.com/SecUSo/Aktivpause,https://f-droid.org/en/packages/org.secuso.aktivpause/
ArcheryStats,de.neuwirthinformatik.alexander.archerystats,Sports & Health,2.0.6,GPL-3.0-only,https://f-droid.org/repo/de.neuwirthinformatik.alexander.archerystats_6.apk,3594671,https://github.com/APN-Pucky/ArcheryStats,https://f-droid.org/en/packages/de.neuwirthinformatik.alexander.archerystats/
Best-Before,de.beocode.bestbefore,Sports & Health,1.02.1,EUPL-1.2,https://f-droid.org/repo/de.beocode.bestbefore_4.apk,2888201,https://codeberg.org/BeoCode/Best-Before,https://f-droid.org/en/packages/de.beocode.bestbefore/
Bike Radar,es.jjrh.bikeradar,Sports & Health,1.6.6,GPL-3.0-or-later,https://f-droid.org/repo/es.jjrh.bikeradar_34.apk,8209640,https://github.com/partymola/android-bike-radar-overlay,https://f-droid.org/en/packages/es.jjrh.bikeradar/
BoB,com.baldo.bob,Sports & Health,1.5.0,GPL-3.0-or-later,https://f-droid.org/repo/com.baldo.bob_11.apk,18770908,https://gitlab.com/LaBaude32/bob,https://f-droid.org/en/packages/com.baldo.bob/
BoltOn,com.matt.bolton,Sports & Health,10,MIT,https://f-droid.org/repo/com.matt.bolton_10.apk,5066885,https://gitlab.com/Hague/bolton,https://f-droid.org/en/packages/com.matt.bolton/
BoutScoring,com.razielo.boutscoring,Sports & Health,1.1,MIT,https://f-droid.org/repo/com.razielo.boutscoring_2.apk,15376544,https://github.com/RazielO/BoutScoring,https://f-droid.org/en/packages/com.razielo.boutscoring/
BoxingClock,com.antoinelabpixel.boxingclock,Sports & Health,1.0.3,MIT,https://f-droid.org/repo/com.antoinelabpixel.boxingclock_3.apk,1658457,https://github.com/Antoine-lab-pixel/BoxingClock,https://f-droid.org/en/packages/com.antoinelabpixel.boxingclock/
Caffeine Health,com.uc.caffeine,Sports & Health,2.3.2,GPL-3.0-only,https://f-droid.org/repo/com.uc.caffeine_12.apk,15015480,https://github.com/ohuc/CaffeineHealth,https://f-droid.org/en/packages/com.uc.caffeine/
Cairn: Health Aggregator,com.luminaapps.cairn,Sports & Health,0.3.0,MIT,https://f-droid.org/repo/com.luminaapps.cairn_93.apk,22405306,https://github.com/LuminaAppsDev/cairn,https://f-droid.org/en/packages/com.luminaapps.cairn/
Calisthenics Memory,io.github.gonbei774.calisthenicsmemory,Sports & Health,1.26.0,GPL-3.0-only,https://f-droid.org/repo/io.github.gonbei774.calisthenicsmemory_35.apk,10259151,https://codeberg.org/Gonbei774/CalisthenicsMemory,https://f-droid.org/en/packages/io.github.gonbei774.calisthenicsmemory/
Child Resus Calc,de.bloosberg.basti.childresuscalc,Medication,1.0,GPL-3.0-or-later,https://f-droid.org/repo/de.bloosberg.basti.childresuscalc_1.apk,1480372,https://gitlab.com/bloosberg/child-resus-calc,https://f-droid.org/en/packages/de.bloosberg.basti.childresuscalc/
Daily Pill — Medication Reminder,br.com.gualandi.dailypill,Medication,1.3.3,GPL-3.0-or-later,https://f-droid.org/repo/br.com.gualandi.dailypill_14.apk,2219424,https://github.com/hugomg/DailyPill,https://f-droid.org/en/packages/br.com.gualandi.dailypill/
EP Mobile,org.epstudios.epmobile,Medication,2.41.0,GPL-3.0-only,https://f-droid.org/repo/org.epstudios.epmobile_95.apk,5804190,https://github.com/mannd/epmobile,https://f-droid.org/en/packages/org.epstudios.epmobile/
1010! Klooni,dev.lonami.klooni,Puzzle Game,0.8.6,GPL-3.0-or-later,https://f-droid.org/repo/dev.lonami.klooni_860.apk,2735506,https://codeberg.org/Lonami/Klooni1010,https://f-droid.org/en/packages/dev.lonami.klooni/
2048 (Privacy Friendly),org.secuso.privacyfriendly2048,Puzzle Game,1.4.2,GPL-3.0-or-later,https://f-droid.org/repo/org.secuso.privacyfriendly2048_100.apk,9294779,https://github.com/SecUSo/privacy-friendly-2048,https://f-droid.org/en/packages/org.secuso.privacyfriendly2048/
2048 Open Fun Game,org.andstatus.game2048,Puzzle Game,1.16.2,Apache-2.0,https://f-droid.org/repo/org.andstatus.game2048_47.apk,1359982,https://github.com/andstatus/game2048,https://f-droid.org/en/packages/org.andstatus.game2048/
2050,org.mattvchandler.a2050,Puzzle Game,1.0.10,MIT,https://f-droid.org/repo/org.mattvchandler.a2050_190010010.apk,5079962,https://github.com/mattvchandler/2050,https://f-droid.org/en/packages/org.mattvchandler.a2050/
AAAAXY,io.github.divverent.aaaaxy,Puzzle Game,1.7.239+20260804.4198.805e2a0b,Apache-2.0,https://f-droid.org/repo/io.github.divverent.aaaaxy_107302394.apk,46648239,https://github.com/divVerent/aaaaxy,https://f-droid.org/en/packages/io.github.divverent.aaaaxy/
Ahorcado,com.ahorcado,Puzzle Game,1.5.1,GPL-3.0-only,https://f-droid.org/repo/com.ahorcado_7.apk,40999859,https://github.com/Webierta/ahorcandroid,https://f-droid.org/en/packages/com.ahorcado/
Binary Puzzle,com.sidhant.binarypuzzle,Puzzle Game,1.0.1,GPL-3.0-only,https://f-droid.org/repo/com.sidhant.binarypuzzle_23.apk,7834169,https://github.com/sidhant947/BinaryPuzzle,https://f-droid.org/en/packages/com.sidhant.binarypuzzle/
Block Blast,com.sidhant.blockblast,Puzzle Game,1.0.3,GPL-3.0-only,https://f-droid.org/repo/com.sidhant.blockblast_43.apk,8190735,https://github.com/sidhant947/BlockBlast,https://f-droid.org/en/packages/com.sidhant.blockblast/
Block Puzzle Stone Wars,de.mwvb.blockpuzzle,Puzzle Game,7.0,MIT,https://f-droid.org/repo/de.mwvb.blockpuzzle_70.apk,8913234,https://github.com/SoltauFintel/blockpuzzle,https://f-droid.org/en/packages/de.mwvb.blockpuzzle/
BlockDrop: Block Puzzle,com.blockdrop.game,Puzzle Game,1.0.68,MIT,https://f-droid.org/repo/com.blockdrop.game_653.apk,23071015,https://github.com/brandonp2412/BlockDrop,https://f-droid.org/en/packages/com.blockdrop.game/
Box Stacker,net.artificialworlds.boxstacker,Puzzle Game,1.5.9-0,AGPL-3.0-or-later,https://f-droid.org/repo/net.artificialworlds.boxstacker_1050900.apk,4660151,https://gitlab.com/box-stacker/box-stacker-mobile,https://f-droid.org/en/packages/net.artificialworlds.boxstacker/
Caramelos,com.dfzlv.gjjlt.caramelos,Puzzle Game,1.6,MIT,https://f-droid.org/repo/com.dfzlv.gjjlt.caramelos_7.apk,11863815,https://github.com/luarca84/Caramelos,https://f-droid.org/en/packages/com.dfzlv.gjjlt.caramelos/
Al-Azan - Prayer Times,com.github.meypod.al_azan,Religion,2.3.1,AGPL-3.0-only,https://f-droid.org/repo/com.github.meypod.al_azan_96000.apk,18412865,https://github.com/meypod/al-azan-compose,https://f-droid.org/en/packages/com.github.meypod.al_azan/
"Aya: Quran, Hadith & Prayer Times",com.quran.aya,Religion,1.3.2,MIT,https://f-droid.org/repo/com.quran.aya_12302.apk,70845917,https://github.com/Cancelllls/Aya,https://f-droid.org/en/packages/com.quran.aya/
Bible Lock Screen,com.daklok.biblelockscreen,Religion,2.2,Apache-2.0,https://f-droid.org/repo/com.daklok.biblelockscreen_13.apk,13531143,https://github.com/DaKlok/BibleLockScreen,https://f-droid.org/en/packages/com.daklok.biblelockscreen/
10-bit Clock Widget,com.github.ashutoshgngwr.tenbitclockwidget,Clock,2.2-1,GPL-3.0-only,https://f-droid.org/repo/com.github.ashutoshgngwr.tenbitclockwidget_221.apk,1281564,https://github.com/ashutoshgngwr/10-bitClockWidget,https://f-droid.org/en/packages/com.github.ashutoshgngwr.tenbitclockwidget/
Always On Clock,io.github.aoc_normal,Clock,1.0,MIT,https://f-droid.org/repo/io.github.aoc_normal_1.apk,4453163,https://archive.softwareheritage.org/browse/origin/https://github.com/Raidenxd2/always_on_clock_normal/directory/,https://f-droid.org/en/packages/io.github.aoc_normal/
Analog Clock Widget,eu.nemui.ailin.uclock,Clock,1.02j,MIT,https://f-droid.org/repo/eu.nemui.ailin.uclock_2.apk,226641,https://github.com/ailin-nemui/AnalogClockWidget2,https://f-droid.org/en/packages/eu.nemui.ailin.uclock/
Bodhi Timer,org.yuttadhammo.BodhiTimer,Meditation,6.3.0,GPL-3.0-only,https://f-droid.org/repo/org.yuttadhammo.BodhiTimer_98.apk,6356772,https://github.com/yuttadhammo/BodhiTimer,https://f-droid.org/en/packages/org.yuttadhammo.BodhiTimer/
Breathly,com.mmazzarolo.breathly,Meditation,2.2.0,MPL-2.0,https://f-droid.org/repo/com.mmazzarolo.breathly_3145750.apk,78595750,https://github.com/mmazzarolo/breathly-app,https://f-droid.org/en/packages/com.mmazzarolo.breathly/
Brethap,com.jithware.brethap,Meditation,1.8.7,GPL-3.0-only,https://f-droid.org/repo/com.jithware.brethap_142.apk,53845089,https://github.com/jithware/brethap,https://f-droid.org/en/packages/com.jithware.brethap/
2 Player Battle,ir.hsn6.tpb,Strategy Game,1.0.1,GPL-3.0-or-later,https://f-droid.org/repo/ir.hsn6.tpb_2.apk,18105408,https://github.com/HassanHeydariNasab/2-player-battle,https://f-droid.org/en/packages/ir.hsn6.tpb/
Anuto TD,ch.logixisland.anuto,Strategy Game,0.13,GPL-2.0-only,https://f-droid.org/repo/ch.logixisland.anuto_34.apk,6297049,https://github.com/mjaun/android-anuto,https://f-droid.org/en/packages/ch.logixisland.anuto/
Burger Party,com.agateau.burgerparty,Strategy Game,1.4.6,GPL-3.0-or-later,https://f-droid.org/repo/com.agateau.burgerparty_36.apk,8771081,https://github.com/agateau/burgerparty,https://f-droid.org/en/packages/com.agateau.burgerparty/
Advanced Charging Controller (ACCA) ,mattecarra.accapp,Battery,1.0.35,GPL-3.0-only,https://f-droid.org/repo/mattecarra.accapp_39.apk,6953370,https://github.com/MatteCarra/AccA,https://f-droid.org/en/packages/mattecarra.accapp/
Battery Monitor,codes.swistak.batterymonitor,Battery,1.7.2,GPL-3.0-or-later,https://f-droid.org/repo/codes.swistak.batterymonitor_1007002.apk,4236845,https://github.com/tswistak/Battery-Monitor,https://f-droid.org/en/packages/codes.swistak.batterymonitor/
Battery Notification,com.ominous.batterynotification,Battery,1.4.7,GPL-3.0-or-later,https://f-droid.org/repo/com.ominous.batterynotification_19.apk,1016612,https://github.com/TylerWilliamson/BatteryNotification,https://f-droid.org/en/packages/com.ominous.batterynotification/
FontStylr,com.fontstylr,Text Editor,1.1,GPL-3.0-or-later,https://f-droid.org/repo/com.fontstylr_2.apk,4736004,https://codeberg.org/gh0stboy/FontStylr,https://f-droid.org/en/packages/com.fontstylr/
MA Office,com.vayunmathur.office,Text Editor,v2.6.8,GPL-3.0-only,https://f-droid.org/repo/com.vayunmathur.office_20260825.apk,6484789,https://github.com/vayun-mathur/Modern-Apps,https://f-droid.org/en/packages/com.vayunmathur.office/
Markdown Editor,com.adeeteya.markdown_editor,Text Editor,2.1.0,MIT,https://f-droid.org/repo/com.adeeteya.markdown_editor_9.apk,67666968,https://github.com/adeeteya/FlutterMarkdownEditor,https://f-droid.org/en/packages/com.adeeteya.markdown_editor/
Alex vs Bus: The Race,com.github.m374lx.alexvsbus,Action Game,2025.06.16.0,GPL-3.0-or-later,https://f-droid.org/repo/com.github.m374lx.alexvsbus_5.apk,2104856,https://github.com/M374LX/alexvsbus,https://f-droid.org/en/packages/com.github.m374lx.alexvsbus/
All In Gold,x653.all_in_gold,Action Game,1.2,GPL-3.0-or-later,https://f-droid.org/repo/x653.all_in_gold_12.apk,2014505,https://gitlab.com/x653/all_in_gold,https://f-droid.org/en/packages/x653.all_in_gold/
Asteroid's Revenge,com.game.asteroids_revenge,Action Game,0.15.4,GPL-3.0-only,https://f-droid.org/repo/com.game.asteroids_revenge_100242.apk,74313300,https://github.com/mlm-games/asteroids-revenge,https://f-droid.org/en/packages/com.game.asteroids_revenge/
Astro Loop,com.astroloop.game,Action Game,1.3,GPL-3.0-only,https://f-droid.org/repo/com.astroloop.game_4.apk,52845457,https://github.com/PubDeer/astro-loop,https://f-droid.org/en/packages/com.astroloop.game/
Balance the Ball,com.jeffliu.balancetheball,Action Game,1.1.0,GPL-3.0-only,https://f-droid.org/repo/com.jeffliu.balancetheball_4.apk,42170,https://github.com/baturkey/Balance-the-Ball,https://f-droid.org/en/packages/com.jeffliu.balancetheball/
AlexCalc,net.alexbarry.calc_android,Calculator,1.0.16,AGPL-3.0-only,https://f-droid.org/repo/net.alexbarry.calc_android_20.apk,14292463,https://github.com/alexbarry/AlexCalc,https://f-droid.org/en/packages/net.alexbarry.calc_android/
ArityCalc,org.woheller69.arity,Calculator,1.58,Apache-2.0,https://f-droid.org/repo/org.woheller69.arity_158.apk,2306799,https://github.com/woheller69/Arity,https://f-droid.org/en/packages/org.woheller69.arity/
Calculator,com.neumorphic.calculator,Calculator,1.1.0,BSD-3-Clause,https://f-droid.org/repo/com.neumorphic.calculator_2.apk,18146831,https://github.com/belelaritra/Neumorphic_Calculator,https://f-droid.org/en/packages/com.neumorphic.calculator/
Calculator M3,com.vagujhelyigergely.calculatorm3,Calculator,1.5.2,GPL-3.0-only,https://f-droid.org/repo/com.vagujhelyigergely.calculatorm3_13.apk,13398548,https://github.com/gergelyvagujhelyi/CalculatorM3,https://f-droid.org/en/packages/com.vagujhelyigergely.calculatorm3/
Calculator Notification,com.tananaev.calculator,Calculator,1.10,Apache-2.0,https://f-droid.org/repo/com.tananaev.calculator_11.apk,1448663,https://github.com/tananaev/calculator-notification,https://f-droid.org/en/packages/com.tananaev.calculator/
Calculator You: Math & Units,com.marktka.calculatorYou,Calculator,3.1.2,GPL-3.0-only,https://f-droid.org/repo/com.marktka.calculatorYou_33.apk,3201715,https://github.com/forzzzzz/Calculator-You,https://f-droid.org/en/packages/com.marktka.calculatorYou/
AddictoLogs,com.addictologs,Habit Tracker,1.0,GPL-3.0-only,https://f-droid.org/repo/com.addictologs_1.apk,78164803,https://gitlab.com/thunderdevs/addictologs,https://f-droid.org/en/packages/com.addictologs/
Alarmetrics,co.adityarajput.alarmetrics,Habit Tracker,2.5.0,GPL-3.0-only,https://f-droid.org/repo/co.adityarajput.alarmetrics_10.apk,3321831,https://github.com/BURG3R5/Alarmetrics,https://f-droid.org/en/packages/co.adityarajput.alarmetrics/
AquaDroid,io.github.z3r0c00l_2k.aquadroid,Habit Tracker,1.3,GPL-3.0-only,https://f-droid.org/repo/io.github.z3r0c00l_2k.aquadroid_5.apk,3499668,https://github.com/z3r0c00l-2k/AquaDroid,https://f-droid.org/en/packages/io.github.z3r0c00l_2k.aquadroid/
BetterCounter,org.kde.bettercounter,Habit Tracker,6.2.0,GPL-2.0-only,https://f-droid.org/repo/org.kde.bettercounter_60200.apk,2775130,https://github.com/albertvaka/bettercounter,https://f-droid.org/en/packages/org.kde.bettercounter/
DailyLog,com.app.dailylog,Habit Tracker,3.1.3,GPL-3.0-only,https://f-droid.org/repo/com.app.dailylog_3103.apk,6511510,https://github.com/madCode/dailylog,https://f-droid.org/en/packages/com.app.dailylog/
Cardabase,com.georgeyt9769.cardabase,Pass Wallet,1.9.0,MIT,https://f-droid.org/repo/com.georgeyt9769.cardabase_2403.apk,23052888,https://github.com/GeorgeYT9769/cardabase-app,https://f-droid.org/en/packages/com.georgeyt9769.cardabase/
Catima — Loyalty Card Wallet,me.hackerchick.catima,Pass Wallet,2.45.1,GPL-3.0-or-later,https://f-droid.org/repo/me.hackerchick.catima_1004.apk,5311894,https://github.com/CatimaLoyalty/Android,https://f-droid.org/en/packages/me.hackerchick.catima/
FossWallet,nz.eloque.foss_wallet,Pass Wallet,0.50.0,GPL-3.0-only,https://f-droid.org/repo/nz.eloque.foss_wallet_120.apk,13968004,https://github.com/SeineEloquenz/fosswallet,https://f-droid.org/en/packages/nz.eloque.foss_wallet/
Amadz - Calling App,com.talsk.amadz,Phone & SMS,1.1.4,GPL-3.0-only,https://f-droid.org/repo/com.talsk.amadz_14.apk,15371179,https://github.com/msusman1/Amadz,https://f-droid.org/en/packages/com.talsk.amadz/
Baby Phone,com.serwylo.babyphone,Phone & SMS,1.3.0,GPL-3.0-or-later,https://f-droid.org/repo/com.serwylo.babyphone_18.apk,7384201,https://github.com/babydots/babyphone,https://f-droid.org/en/packages/com.serwylo.babyphone/
Call Blocker,com.callblocker,Phone & SMS,0.3.4,GPL-3.0-only,https://f-droid.org/repo/com.callblocker_17.apk,3214191,https://gitlab.com/abelardodiaz/web26-050-call-blocker,https://f-droid.org/en/packages/com.callblocker/
Call Counter,com.github.webierta.call_counter,Phone & SMS,2.1.1,GPL-3.0-only,https://f-droid.org/repo/com.github.webierta.call_counter_5.apk,19983489,https://github.com/Webierta/call-counter,https://f-droid.org/en/packages/com.github.webierta.call_counter/
Call Limiter,com.thirumalai.calllimiter,Phone & SMS,0.3.10,GPL-3.0-only,https://f-droid.org/repo/com.thirumalai.calllimiter_11.apk,2885702,https://github.com/Thiru-Malai/CallLimiter,https://f-droid.org/en/packages/com.thirumalai.calllimiter/
CallScope,com.clintmoyer.callscope,Phone & SMS,0.1.0,GPL-3.0-only,https://f-droid.org/repo/com.clintmoyer.callscope_1.apk,10748592,https://github.com/clintmoyer/callscope,https://f-droid.org/en/packages/com.clintmoyer.callscope/
Carrion,us.spotco.carrion,Phone & SMS,1.23,AGPL-3.0-or-later,https://f-droid.org/repo/us.spotco.carrion_123.apk,87424,https://gitlab.com/divested-mobile/carrion,https://f-droid.org/en/packages/us.spotco.carrion/
CHRONOS,fr.jnda.android.system.smsscheduler,Phone & SMS,1.2.2,GPL-3.0-only,https://f-droid.org/repo/fr.jnda.android.system.smsscheduler_5.apk,6051154,https://gitlab.com/jnda/smsscheduler,https://f-droid.org/en/packages/fr.jnda.android.system.smsscheduler/
CodeCatcher,co.ec.cnsyn.codecatcher,Phone & SMS,1.0.131,GPL-3.0-or-later,https://f-droid.org/repo/co.ec.cnsyn.codecatcher_131.apk,2560513,https://github.com/headersalreadysent/tinycodecatcher,https://f-droid.org/en/packages/co.ec.cnsyn.codecatcher/
boQwI',org.tlhInganHol.android.klingonassistant,Translation & Dictionary,2023.11.20b,Apache-2.0,https://f-droid.org/repo/org.tlhInganHol.android.klingonassistant_575.apk,9612431,https://github.com/De7vID/klingon-assistant-android,https://f-droid.org/en/packages/org.tlhInganHol.android.klingonassistant/
Janus Glossa,com.anysoftkeyboard.janus,Translation & Dictionary,0.1.8,Apache-2.0,https://f-droid.org/repo/com.anysoftkeyboard.janus_13.apk,21779519,https://github.com/AnySoftKeyboard/janus,https://f-droid.org/en/packages/com.anysoftkeyboard.janus/
Jargon,com.hackerapps.jargon,Translation & Dictionary,1.1.0,GPL-3.0-only,https://f-droid.org/repo/com.hackerapps.jargon_4.apk,1931221,https://github.com/AnalogGhost/jargon,https://f-droid.org/en/packages/com.hackerapps.jargon/
Adnihilation,com.trianguloy.adnihilation,Casual Game,1.0,CC-BY-4.0,https://f-droid.org/repo/com.trianguloy.adnihilation_3.apk,146349,https://github.com/TrianguloY/Adnihilation,https://f-droid.org/en/packages/com.trianguloy.adnihilation/
Arrow Escape: Infinite Puzzle,com.sidhant.arrowescape,Casual Game,1.0.11,GPL-3.0-only,https://f-droid.org/repo/com.sidhant.arrowescape_123.apk,19815193,https://github.com/sidhant947/ArrowEscape,https://f-droid.org/en/packages/com.sidhant.arrowescape/
auth's RNG,com.ivylopez.authsrng,Casual Game,1.5,MIT,https://f-droid.org/repo/com.ivylopez.authsrng_6.apk,8066996,https://github.com/authsrng-game/auths-RNG-apk,https://f-droid.org/en/packages/com.ivylopez.authsrng/
Brick Blast,com.mostafa.brickblast,Casual Game,1.6.0,MIT,https://f-droid.org/repo/com.mostafa.brickblast_10.apk,3035061,https://github.com/ashrafimostafa/Brick-Blast,https://f-droid.org/en/packages/com.mostafa.brickblast/
Chance,com.github.jameshnsears.chance,Dice,2.5.2,Apache-2.0,https://f-droid.org/repo/com.github.jameshnsears.chance_243137.apk,9453236,https://github.com/jameshnsears/Chance,https://f-droid.org/en/packages/com.github.jameshnsears.chance/
Chooser,com.uravgcode.chooser,Dice,1.4.11,GPL-3.0-only,https://f-droid.org/repo/com.uravgcode.chooser_25.apk,1664710,https://github.com/UrAvgCode/Chooser,https://f-droid.org/en/packages/com.uravgcode.chooser/
Dice App,codes.swee.diceapp,Dice,1.3.2,MIT,https://f-droid.org/repo/codes.swee.diceapp_8.apk,5650008,https://git.swee.codes/swee/Dice-App,https://f-droid.org/en/packages/codes.swee.diceapp/
Andor's Trail,com.gpl.rpg.AndorsTrail,Role-Playing Game,0.8.18,GPL-2.0-only,https://f-droid.org/repo/com.gpl.rpg.AndorsTrail_89.apk,104943189,https://github.com/AndorsTrailRelease/andors-trail,https://f-droid.org/en/packages/com.gpl.rpg.AndorsTrail/
Arx Libertatis,com.arxlibertatis,Role-Playing Game,1.3.5.3,GPL-3.0-only,https://f-droid.org/repo/com.arxlibertatis_11.apk,17995816,https://github.com/sandstranger/ArxLibertatis-android-port,https://f-droid.org/en/packages/com.arxlibertatis/
Bati: Fitness RPG,com.guiforge.bati,Role-Playing Game,2.6.0,MIT,https://f-droid.org/repo/com.guiforge.bati_20600.apk,56119452,https://github.com/Guiforge/bati,https://f-droid.org/en/packages/com.guiforge.bati/
Activity Trace,com.activitytrace,Notification,0.10.0,GPL-3.0-only,https://f-droid.org/repo/com.activitytrace_12.apk,10376019,https://github.com/DavidNeurieder/ActivityTrace,https://f-droid.org/en/packages/com.activitytrace/
Alertly,com.example.notificationalerter,Notification,1.2.0,Apache-2.0,https://f-droid.org/repo/com.example.notificationalerter_3.apk,3630119,https://github.com/lightningcpu/Alertly,https://f-droid.org/en/packages/com.example.notificationalerter/
AutoDND,moe.dic1911.autodnd,Notification,3.3,AGPL-3.0-only,https://f-droid.org/repo/moe.dic1911.autodnd_8.apk,4255107,https://github.com/dic1911/android_AutoDND,https://f-droid.org/en/packages/moe.dic1911.autodnd/
ANNO 1404 - Calculator,de.ktran.anno1404warenrechner,Game Helper,1.0,MIT,https://f-droid.org/repo/de.ktran.anno1404warenrechner_1.apk,7335366,https://github.com/tran-khoa/ANNO1404-Warenrechner-App,https://f-droid.org/en/packages/de.ktran.anno1404warenrechner/
Backgammon Clock,nl.hansdezwart.bgclock,Game Helper,1.7,MIT,https://f-droid.org/repo/nl.hansdezwart.bgclock_8.apk,1048291,https://source.hansdezwart.nl/hansdezwart/bgclock,https://f-droid.org/en/packages/nl.hansdezwart.bgclock/
Blitz: Fischer Chess Clock,net.leodesouza.blitz,Game Helper,2.0.8,Apache-2.0,https://f-droid.org/repo/net.leodesouza.blitz_208.apk,758067,https://github.com/ldeso/blitz,https://f-droid.org/en/packages/net.leodesouza.blitz/
BlowTorch 2,com.resurrection.blowtorch2,Game Helper,2.4.5,MIT,https://f-droid.org/repo/com.resurrection.blowtorch2_265.apk,11002947,https://github.com/Taracair/BlowTorch2,https://f-droid.org/en/packages/com.resurrection.blowtorch2/
Bluke,dev.arnv.bluke,Game Helper,1.0.7,AGPL-3.0-or-later,https://f-droid.org/repo/dev.arnv.bluke_8.apk,2297072,https://github.com/arnav-kr/Bluke,https://f-droid.org/en/packages/dev.arnv.bluke/
Boardgame Clock (Privacy Friendly),org.secuso.privacyfriendlyboardgameclock,Game Helper,1.2.0,GPL-3.0-or-later,https://f-droid.org/repo/org.secuso.privacyfriendlyboardgameclock_101.apk,3116390,https://github.com/SecUSo/privacy-friendly-boardgame-clock,https://f-droid.org/en/packages/org.secuso.privacyfriendlyboardgameclock/
Bullseye,x653.bullseye,Game Helper,0.4,GPL-3.0-only,https://f-droid.org/repo/x653.bullseye_4.apk,1977298,https://gitlab.com/x653/bullseye,https://f-droid.org/en/packages/x653.bullseye/
Bummerlzähler,com.mobile.bummerzaehler,Game Helper,1.6,GPL-3.0-only,https://f-droid.org/repo/com.mobile.bummerzaehler_160.apk,2055436,https://github.com/Elektropepi/bummerlzaehler,https://f-droid.org/en/packages/com.mobile.bummerzaehler/
Cards Score Keeper,io.github.thachillera.cardsscorekeeper,Game Helper,1.0.3,MIT,https://f-droid.org/repo/io.github.thachillera.cardsscorekeeper_3.apk,2105886,https://github.com/ThaChillera/CardScore,https://f-droid.org/en/packages/io.github.thachillera.cardsscorekeeper/
Chaldea,cc.narumi.chaldea.fdroid,Game Helper,2.6.1,AGPL-3.0-only,https://f-droid.org/repo/cc.narumi.chaldea.fdroid_991.apk,56156711,https://github.com/chaldea-center/chaldea,https://f-droid.org/en/packages/cc.narumi.chaldea.fdroid/
Acho,com.acho.chat.app,Social Network,1.1,MIT,https://f-droid.org/repo/com.acho.chat.app_2.apk,103439,https://github.com/jorgecobos14/I_need_to_stop_programming_pls,https://f-droid.org/en/packages/com.acho.chat.app/
Enclavd,com.enclavd.app,Social Network,2.1.7,GPL-3.0-only,https://f-droid.org/repo/com.enclavd.app_2173.apk,34326607,https://github.com/Slime-jkl/enclavd-android-source,https://f-droid.org/en/packages/com.enclavd.app/
FediSuite,org.fedisuite.mobile,Social Network,0.9.22,GPL-3.0-only,https://f-droid.org/repo/org.fedisuite.mobile_9222.apk,30803074,https://forge.chrislo.de/FediSuite/FediSuite-Android-App,https://f-droid.org/en/packages/org.fedisuite.mobile/
aka Alarm,com.aka.alarm,Alarm Clock,1.2.0,MIT,https://f-droid.org/repo/com.aka.alarm_8.apk,1147419,https://github.com/seeingred/aka-alarm,https://f-droid.org/en/packages/com.aka.alarm/
Alarm Klock,com.angrydoughnuts.android.alarmclock,Alarm Clock,2.13,Apache-2.0,https://f-droid.org/repo/com.angrydoughnuts.android.alarmclock_27.apk,190967,https://github.com/kraigs-android/kraigsandroid,https://f-droid.org/en/packages/com.angrydoughnuts.android.alarmclock/
Chrono,com.vicolo.chrono,Alarm Clock,0.6.0,GPL-3.0-or-later,https://f-droid.org/repo/com.vicolo.chrono_283.apk,17693933,https://github.com/vicolo-dev/chrono,https://f-droid.org/en/packages/com.vicolo.chrono/
Clock,com.best.deskclock,Alarm Clock,2.33,Apache-2.0,https://f-droid.org/repo/com.best.deskclock_2037.apk,7198358,https://github.com/BlackyHawky/Clock,https://f-droid.org/en/packages/com.best.deskclock/
Clock Screensaver & Widget,systems.sieber.fsclock,Alarm Clock,2.2,GPL-3.0-or-later,https://f-droid.org/repo/systems.sieber.fsclock_42.apk,5539161,https://github.com/schorschii/FsClock-Android,https://f-droid.org/en/packages/systems.sieber.fsclock/
12345 - Learn Counting,eu.quelltext.counting,Educational Game,1.3,AGPL-3.0-or-later,https://f-droid.org/repo/eu.quelltext.counting_3.apk,2413060,https://gitlab.com/niccokunzmann/12345,https://f-droid.org/en/packages/eu.quelltext.counting/
1toX,org.og8.a1tox,Educational Game,1.00,MIT,https://f-droid.org/repo/org.og8.a1tox_1.apk,639637,https://gitlab.com/og8org/1tox,https://f-droid.org/en/packages/org.og8.a1tox/
Africa Quiz,com.mufradat.africaquiz,Educational Game,1.0,MIT,https://f-droid.org/repo/com.mufradat.africaquiz_1.apk,7960329,https://codeberg.org/Mufradat/africa-quiz,https://f-droid.org/en/packages/com.mufradat.africaquiz/
Braincup - Brain Training,com.inspiredandroid.braincup,Educational Game,3.7.0,Apache-2.0,https://f-droid.org/repo/com.inspiredandroid.braincup_161.apk,11757188,https://github.com/SimonSchubert/Braincup,https://f-droid.org/en/packages/com.inspiredandroid.braincup/
brainjogging,de.telefongarten.brainjogging,Educational Game,0.1.0,GPL-3.0-only,https://f-droid.org/repo/de.telefongarten.brainjogging_1.apk,17551311,https://github.com/fkropfhamer/brainjogging,https://f-droid.org/en/packages/de.telefongarten.brainjogging/
8Vim Keyboard,inc.flide.vi8,Keyboard & IME,0.17.5,Apache-2.0,https://f-droid.org/repo/inc.flide.vi8_170500.apk,6811819,https://github.com/8VIM/8VIM,https://f-droid.org/en/packages/inc.flide.vi8/
aaaaa,io.github.dkter.aaaaa,Keyboard & IME,4,MPL-2.0,https://f-droid.org/repo/io.github.dkter.aaaaa_4.apk,3758520,https://github.com/dkter/aaaaa,https://f-droid.org/en/packages/io.github.dkter.aaaaa/
AdaptKey,de.froehlichmedia.adaptkey,Keyboard & IME,1.2.66,GPL-3.0-or-later,https://f-droid.org/repo/de.froehlichmedia.adaptkey_562.apk,37093568,https://github.com/m-froehlich/adaptkey,https://f-droid.org/en/packages/de.froehlichmedia.adaptkey/
Afrikaans for AnySoftKeyboard,com.anysoftkeyboard.languagepack.afrikaans_oss,Keyboard & IME,5.1.6158,Apache-2.0,https://f-droid.org/repo/com.anysoftkeyboard.languagepack.afrikaans_oss_6158.apk,3343832,https://github.com/AnySoftKeyboard/AnySoftKeyboard,https://f-droid.org/en/packages/com.anysoftkeyboard.languagepack.afrikaans_oss/
AnySoftKeyboard,com.menny.android.anysoftkeyboard,Keyboard & IME,1.13.8175,Apache-2.0,https://f-droid.org/repo/com.menny.android.anysoftkeyboard_8175.apk,24880061,https://github.com/AnySoftKeyboard/AnySoftKeyboard,https://f-droid.org/en/packages/com.menny.android.anysoftkeyboard/
AnySoftKeyboard - Hebrew Language Pack,com.anysoftkeyboard.languagepack.hebrew,Keyboard & IME,5.1.6158,Apache-2.0,https://f-droid.org/repo/com.anysoftkeyboard.languagepack.hebrew_6158.apk,4360089,https://github.com/AnySoftKeyboard/AnySoftKeyboard,https://f-droid.org/en/packages/com.anysoftkeyboard.languagepack.hebrew/
AnySoftKeyboard 3D Theme,com.anysoftkeyboard.theme.three_d,Keyboard & IME,5.1.6158,Apache-2.0,https://f-droid.org/repo/com.anysoftkeyboard.theme.three_d_6158.apk,3020260,https://github.com/AnySoftKeyboard/AnySoftKeyboard,https://f-droid.org/en/packages/com.anysoftkeyboard.theme.three_d/
Arabic for AnySoftKeyboard,com.anysoftkeyboard.languagepack.arabic,Keyboard & IME,5.1.6158,Apache-2.0,https://f-droid.org/repo/com.anysoftkeyboard.languagepack.arabic_6158.apk,6068067,https://github.com/AnySoftKeyboard/AnySoftKeyboard,https://f-droid.org/en/packages/com.anysoftkeyboard.languagepack.arabic/
Armenian for AnySoftKeyboard,com.anysoftkeyboard.languagepack.armenian2,Keyboard & IME,5.1.6158,Apache-2.0,https://f-droid.org/repo/com.anysoftkeyboard.languagepack.armenian2_6158.apk,6756139,https://github.com/AnySoftKeyboard/AnySoftKeyboard,https://f-droid.org/en/packages/com.anysoftkeyboard.languagepack.armenian2/
Authorizer,net.tjado.passwdsafe,Keyboard & IME,0.5.0,GPL-3.0-only,https://f-droid.org/repo/net.tjado.passwdsafe_500.apk,3519225,https://github.com/tejado/Authorizer,https://f-droid.org/en/packages/net.tjado.passwdsafe/
Basque for AnySoftKeyboard,com.anysoftkeyboard.languagepack.basque,Keyboard & IME,5.1.6158,Apache-2.0,https://f-droid.org/repo/com.anysoftkeyboard.languagepack.basque_6158.apk,4171337,https://github.com/AnySoftKeyboard/AnySoftKeyboard,https://f-droid.org/en/packages/com.anysoftkeyboard.languagepack.basque/
Belarusian for AnySoftKeyboard,com.anysoftkeyboard.languagepack.belarusian,Keyboard & IME,5.1.6158,Apache-2.0,https://f-droid.org/repo/com.anysoftkeyboard.languagepack.belarusian_6158.apk,6145835,https://github.com/AnySoftKeyboard/AnySoftKeyboard,https://f-droid.org/en/packages/com.anysoftkeyboard.languagepack.belarusian/
Brailliac: Braille Keyboard,com.lukeneedham.braillekeyboard,Keyboard & IME,1.4.2,GPL-3.0-only,https://f-droid.org/repo/com.lukeneedham.braillekeyboard_9.apk,1720509,https://github.com/Brailliac/BrailleKeyboard,https://f-droid.org/en/packages/com.lukeneedham.braillekeyboard/
Brazilian Portuguese for AnySoftKeyboard,com.anysoftkeyboard.languagepack.brazilian,Keyboard & IME,5.1.6158,Apache-2.0,https://f-droid.org/repo/com.anysoftkeyboard.languagepack.brazilian_6158.apk,4912881,https://github.com/AnySoftKeyboard/AnySoftKeyboard,https://f-droid.org/en/packages/com.anysoftkeyboard.languagepack.brazilian/
Bribri for AnySoftKeyboard,com.anysoftkeyboard.languagepack.bribri,Keyboard & IME,5.1.6158,Apache-2.0,https://f-droid.org/repo/com.anysoftkeyboard.languagepack.bribri_6158.apk,3224879,https://github.com/AnySoftKeyboard/AnySoftKeyboard,https://f-droid.org/en/packages/com.anysoftkeyboard.languagepack.bribri/
BroadBoard,com.galagidae.broadboard,Keyboard & IME,2.2,GPL-3.0-or-later,https://f-droid.org/repo/com.galagidae.broadboard_8.apk,4123470,https://github.com/galagidae/broadboard,https://f-droid.org/en/packages/com.galagidae.broadboard/
Bulgarian for AnySoftKeyboard,com.anysoftkeyboard.languagepack.bulgarian,Keyboard & IME,5.1.6158,Apache-2.0,https://f-droid.org/repo/com.anysoftkeyboard.languagepack.bulgarian_6158.apk,6125355,https://github.com/AnySoftKeyboard/AnySoftKeyboard,https://f-droid.org/en/packages/com.anysoftkeyboard.languagepack.bulgarian/
An Light | Flashlight,com.series.anlight,Flashlight,2.0,GPL-3.0-only,https://f-droid.org/repo/com.series.anlight_2.apk,4781122,https://github.com/neophtex/An-Light-Flashlight,https://f-droid.org/en/packages/com.series.anlight/
Candle,com.elasticrock.candle,Flashlight,1.7.1,GPL-3.0-only,https://f-droid.org/repo/com.elasticrock.candle_14.apk,1262961,https://github.com/elastic-rock/Candle,https://f-droid.org/en/packages/com.elasticrock.candle/
FlashDim - Dim your flashlight,com.cyb3rko.flashdim,Flashlight,2.5.3,Apache-2.0,https://f-droid.org/repo/com.cyb3rko.flashdim_35.apk,2369629,https://github.com/cyb3rko/flashdim,https://f-droid.org/en/packages/com.cyb3rko.flashdim/
croc,com.github.howeyc.crocgui,File Transfer,11.5.2,ISC,https://f-droid.org/repo/com.github.howeyc.crocgui_48.apk,225858300,https://github.com/howeyc/crocgui,https://f-droid.org/en/packages/com.github.howeyc.crocgui/
croc-app,com.dking.crocapp,File Transfer,6.1.0,MIT,https://f-droid.org/repo/com.dking.crocapp_11.apk,19666654,https://github.com/Dking08/croc-app,https://f-droid.org/en/packages/com.dking.crocapp/
crocson,com.github.abakum.crocson,File Transfer,1.11.77,ISC,https://f-droid.org/repo/com.github.abakum.crocson_2014.apk,45905876,https://github.com/abakum/crocson,https://f-droid.org/en/packages/com.github.abakum.crocson/
Anarch RE,dev.serwin.AnarchRE,Shooter Game,4,CC0-1.0,https://f-droid.org/repo/dev.serwin.AnarchRE_4.apk,3799305,https://git.sr.ht/~marcin-serwin/anarch-re-android,https://f-droid.org/en/packages/dev.serwin.AnarchRE/
Apple Flinger,com.gitlab.ardash.appleflinger.android,Shooter Game,1.6.1,GPL-3.0-or-later,https://f-droid.org/repo/com.gitlab.ardash.appleflinger.android_1006001.apk,11081961,https://gitlab.com/ar-/apple-flinger,https://f-droid.org/en/packages/com.gitlab.ardash.appleflinger.android/
Ball2Box,com.simondalvai.ball2box,Shooter Game,4.1.9,AGPL-3.0-or-later,https://f-droid.org/repo/com.simondalvai.ball2box_69.apk,46623765,https://codeberg.org/dulvui/ball2box/,https://f-droid.org/en/packages/com.simondalvai.ball2box/
BlueSound Controller,com.bluesound.bluesoundplayer,Remote Controller,1.0.3,MIT,https://f-droid.org/repo/com.bluesound.bluesoundplayer_53.apk,8468219,https://github.com/rdOxalis/bluesoundplayer,https://f-droid.org/en/packages/com.bluesound.bluesoundplayer/
Bluetooth Remote,io.github.jqssun.btremote,Remote Controller,0.0.7,GPL-3.0-only,https://f-droid.org/repo/io.github.jqssun.btremote_7.apk,4959181,https://github.com/jqssun/android-bt-remote,https://f-droid.org/en/packages/io.github.jqssun.btremote/
BootBoi,com.elektropepi.bootboi,Remote Controller,1.1,GPL-3.0-only,https://f-droid.org/repo/com.elektropepi.bootboi_11.apk,30645677,https://github.com/BootBoi/android-app,https://f-droid.org/en/packages/com.elektropepi.bootboi/
Droid Pad,com.github.umer0586.droidpad,Remote Controller,3.12.0,GPL-3.0-only,https://f-droid.org/repo/com.github.umer0586.droidpad_46.apk,13416383,https://github.com/umer0586/DroidPad,https://f-droid.org/en/packages/com.github.umer0586.droidpad/
Droidrops,com.droidrops.app,News,2.2.7,GPL-3.0-only,https://f-droid.org/repo/com.droidrops.app_28.apk,5409765,https://github.com/thekester/Droidrops,https://f-droid.org/en/packages/com.droidrops.app/
Equipe RSS,com.damiengo.websiterss,News,1.6,GPL-3.0-or-later,https://f-droid.org/repo/com.damiengo.websiterss_7.apk,3112291,https://github.com/damiengo/WebsiteRSS,https://f-droid.org/en/packages/com.damiengo.websiterss/
Feedora,com.mohamedaminelouati.feedora,News,1.0.0,GPL-3.0-only,https://f-droid.org/repo/com.mohamedaminelouati.feedora_100.apk,12042110,https://github.com/mohamedaminelouati/Feedora,https://f-droid.org/en/packages/com.mohamedaminelouati.feedora/
boxorg,io.gothub.boxorg,Inventory,1.0.3,MIT,https://f-droid.org/repo/io.gothub.boxorg_7.apk,43646975,https://codeberg.org/anderslum/boxorg,https://f-droid.org/en/packages/io.gothub.boxorg/
Cavity,com.louis.app.cavity,Inventory,1.11.1,GPL-3.0-only,https://f-droid.org/repo/com.louis.app.cavity_43.apk,13412128,https://github.com/ninjinskii/Cavity,https://f-droid.org/en/packages/com.louis.app.cavity/
Closet-Archive,com.myclosetx,Inventory,1.2.0,MIT,https://f-droid.org/repo/com.myclosetx_10.apk,106380763,https://github.com/bahaaTuffaha/Project-ClosetArchive,https://f-droid.org/en/packages/com.myclosetx/
CryptoSafe,com.cryptosafe.app,Text Encryption,2.1.1,MIT,https://f-droid.org/repo/com.cryptosafe.app_10.apk,10942134,https://github.com/nemoXdev/CryptoSafe,https://f-droid.org/en/packages/com.cryptosafe.app/
Encrypt Text,dk.meznik.jan.encrypttext,Text Encryption,1.2.3,MIT,https://f-droid.org/repo/dk.meznik.jan.encrypttext_5.apk,2289205,https://github.com/JanmanX/EncryptTextApp,https://f-droid.org/en/packages/dk.meznik.jan.encrypttext/
Oversec,io.oversec.one,Text Encryption,1.5.15,GPL-3.0-or-later,https://f-droid.org/repo/io.oversec.one_1005015.apk,5512905,https://github.com/oversecio/oversec,https://f-droid.org/en/packages/io.oversec.one/
Aisleron Shopping List,com.aisleron,Shopping List,2026.5.0,AGPL-3.0-or-later,https://f-droid.org/repo/com.aisleron_23.apk,3171322,https://github.com/aisleron/aisleron,https://f-droid.org/en/packages/com.aisleron/
Baly Groceries Tracker,com.baly_groceries_tracker.app,Shopping List,1.1.5,MIT,https://f-droid.org/repo/com.baly_groceries_tracker.app_2063.apk,26798902,https://github.com/rw-account/baly_groceries_tracker,https://f-droid.org/en/packages/com.baly_groceries_tracker.app/
Fast Shopping,me.wolszon.fastshopping,Shopping List,3.0.4,Apache-2.0,https://f-droid.org/repo/me.wolszon.fastshopping_23.apk,20963374,https://github.com/Albert221/FastShopping,https://f-droid.org/en/packages/me.wolszon.fastshopping/
Bondwidth,com.phonepvr.friends,Contact,1.0.0,GPL-3.0-only,https://f-droid.org/repo/com.phonepvr.friends_1.apk,15464653,https://github.com/phonepvr/friends,https://f-droid.org/en/packages/com.phonepvr.friends/
Contacts Import,net.stargw.contactsimport,Contact,37,Apache-2.0,https://f-droid.org/repo/net.stargw.contactsimport_37.apk,2138998,https://github.com/StarGW-net/contacts-import,https://f-droid.org/en/packages/net.stargw.contactsimport/
Fossify Contacts,org.fossify.contacts,Contact,1.6.0,GPL-3.0-only,https://f-droid.org/repo/org.fossify.contacts_13.apk,8602985,https://github.com/FossifyOrg/Contacts,https://f-droid.org/en/packages/org.fossify.contacts/
Aves Libre,deckers.thibault.aves.libre,Gallery,1.15.4,BSD-3-Clause,https://f-droid.org/repo/deckers.thibault.aves.libre_17804.apk,67921753,https://github.com/deckerst/aves,https://f-droid.org/en/packages/deckers.thibault.aves.libre/
Chitralaya CloudGallery App,com.akslabs.cloudgallery,Gallery,0.7,Apache-2.0,https://f-droid.org/repo/com.akslabs.cloudgallery_8.apk,9871192,https://github.com/AKS-Labs/CloudGallery,https://f-droid.org/en/packages/com.akslabs.cloudgallery/
Fossify Gallery,org.fossify.gallery,Gallery,1.13.1,GPL-3.0-only,https://f-droid.org/repo/org.fossify.gallery_28.apk,38606538,https://github.com/FossifyOrg/Gallery,https://f-droid.org/en/packages/org.fossify.gallery/
Anchr for Android,io.muetsch.anchrandroid,Bookmark,1.2.5,GPL-3.0-only,https://f-droid.org/repo/io.muetsch.anchrandroid_33.apk,20785541,https://github.com/muety/anchr-android/tree/HEAD,https://f-droid.org/en/packages/io.muetsch.anchrandroid/
floccus bookmark sync,org.handmadeideas.floccus,Bookmark,5.11.0,MPL-2.0,https://f-droid.org/repo/org.handmadeideas.floccus_5011000.apk,36948803,https://github.com/floccusaddon/floccus,https://f-droid.org/en/packages/org.handmadeideas.floccus/
Frigoligo,net.casimirlab.frigoligo,Bookmark,2.4.0,MIT,https://f-droid.org/repo/net.casimirlab.frigoligo_41.apk,38991837,https://github.com/casimir/frigoligo,https://f-droid.org/en/packages/net.casimirlab.frigoligo/
5G Proxy Pro,com.tokyoxpa3.androidproxy,VPN & Proxy,1.7.3,MIT,https://f-droid.org/repo/com.tokyoxpa3.androidproxy_23.apk,4727886,https://github.com/tokyoxpa3/5G-Proxy-Pro,https://f-droid.org/en/packages/com.tokyoxpa3.androidproxy/
Mercurygram Tor Plugin,it.belloworld.mercurygram.plugin.tor,VPN & Proxy,12.10.5.1,GPL-2.0-or-later,https://f-droid.org/repo/it.belloworld.mercurygram.plugin.tor_7105018.apk,18788577,https://github.com/Mercurygram/Mercurygram,https://f-droid.org/en/packages/it.belloworld.mercurygram.plugin.tor/
mqvpn,org.mqvpn.app,VPN & Proxy,0.16.3,Apache-2.0,https://f-droid.org/repo/org.mqvpn.app_40.apk,16607881,https://github.com/mp0rta/mqvpn,https://f-droid.org/en/packages/org.mqvpn.app/
AirLyrics,com.andsi.airlyrics,Lyrics,1.2.6,MIT,https://f-droid.org/repo/com.andsi.airlyrics_17.apk,11082393,https://github.com/AirLyrics/AirLyrics,https://f-droid.org/en/packages/com.andsi.airlyrics/
ChordReader 2,org.hollowbamboo.chordreader2,Lyrics,2.4.2,GPL-3.0-only,https://f-droid.org/repo/org.hollowbamboo.chordreader2_15.apk,9026511,https://github.com/AndInTheClouds/chordreader2,https://f-droid.org/en/packages/org.hollowbamboo.chordreader2/
FastLyrics,io.github.teccheck.fastlyrics,Lyrics,0.6.2,GPL-3.0-only,https://f-droid.org/repo/io.github.teccheck.fastlyrics_11.apk,6322847,https://github.com/TecCheck/FastLyrics,https://f-droid.org/en/packages/io.github.teccheck.fastlyrics/
Anti-Vocale,com.antivocale.app,Speech Recognizer,1.13.0,Apache-2.0,https://f-droid.org/repo/com.antivocale.app_444.apk,39580247,https://github.com/RisorseArtificiali/anti-vocale,https://f-droid.org/en/packages/com.antivocale.app/
Polished Recognition,com.georgernstgraf.polishedrecognition,Speech Recognizer,1.3.3,MIT,https://f-droid.org/repo/com.georgernstgraf.polishedrecognition_10303.apk,1466145,https://github.com/georgernstgraf/polished-recognition,https://f-droid.org/en/packages/com.georgernstgraf.polishedrecognition/
Scrib,org.scrib.transcriber,Speech Recognizer,0.18,GPL-3.0-or-later,https://f-droid.org/repo/org.scrib.transcriber_18.apk,12230269,https://github.com/23rd/Scrib,https://f-droid.org/en/packages/org.scrib.transcriber/
Acoustic,com.metalshard.projectwave,Radio,1.4,MIT,https://f-droid.org/repo/com.metalshard.projectwave_2.apk,13542500,https://github.com/themetalshard/acoustic-radio,https://f-droid.org/en/packages/com.metalshard.projectwave/
Bide et Musique,fr.odrevet.bide_et_musique,Radio,4.2.0,GPL-3.0-only,https://f-droid.org/repo/fr.odrevet.bide_et_musique_62.apk,61413424,https://github.com/odrevet/bide_et_musique_flutter,https://f-droid.org/en/packages/fr.odrevet.bide_et_musique/
deutsia radio,com.opensource.i2pradio,Radio,1.8.1,Apache-2.0,https://f-droid.org/repo/com.opensource.i2pradio_10801.apk,18640663,https://github.com/deutsia/deutsia-radio,https://f-droid.org/en/packages/com.opensource.i2pradio/
BaldPhone,com.bald.uriah.baldphone,Emergency Action,13.0.0,Apache-2.0,https://f-droid.org/repo/com.bald.uriah.baldphone_102.apk,3887769,https://github.com/UriahShaulMandel/BaldPhone,https://f-droid.org/en/packages/com.bald.uriah.baldphone/
Duress,me.lucky.duress,Emergency Action,1.0.11,GPL-3.0-only,https://f-droid.org/repo/me.lucky.duress_12.apk,5016553,https://github.com/x13a/Duress,https://f-droid.org/en/packages/me.lucky.duress/
DuressKeyboard,duress.keyboard,Emergency Action,7.4,Unlicense,https://f-droid.org/repo/duress.keyboard_74.apk,259168,https://github.com/pofesk0/lastcodeduresskeyboard,https://f-droid.org/en/packages/duress.keyboard/
508.dev Soundboard,dev.co508.soundboard,Ambient Sound,0.1.2,GPL-3.0-only,https://f-droid.org/repo/dev.co508.soundboard_1002.apk,2209801,https://github.com/508-dev/soundboard,https://f-droid.org/en/packages/dev.co508.soundboard/
Ambio: Focus Timer & Sounds,com.jbgsoft.ambio,Ambient Sound,2.1.3,MIT,https://f-droid.org/repo/com.jbgsoft.ambio_7.apk,12472145,https://github.com/jaimebg/Ambio,https://f-droid.org/en/packages/com.jbgsoft.ambio/
Binaural Beat,com.binauralbeat,Ambient Sound,1.1,GPL-2.0-only,https://f-droid.org/repo/com.binauralbeat_2.apk,11771492,https://gitlab.com/jave/binauralbeat,https://f-droid.org/en/packages/com.binauralbeat/
3X-UI Manager,net.yukh.xui,Remote Access,0.14.3,MIT,https://f-droid.org/repo/net.yukh.xui_140300.apk,3246337,https://github.com/yukh975/3X-UI-Manager,https://f-droid.org/en/packages/net.yukh.xui/
Conduit,com.gwitko.conduit,Remote Access,1.4.14-full,Apache-2.0,https://f-droid.org/repo/com.gwitko.conduit_393.apk,12797561,https://github.com/gwitko/Conduit,https://f-droid.org/en/packages/com.gwitko.conduit/
FiSSH,dev.ioanm.fissh,Remote Access,7.1,MIT,https://f-droid.org/repo/dev.ioanm.fissh_71.apk,13959578,https://gitlab.com/ioanm/FiSSH-App,https://f-droid.org/en/packages/dev.ioanm.fissh/
Cloudbase Predictor,com.cloudbasepredictor,Weather,1.8.1,GPL-3.0-or-later,https://f-droid.org/repo/com.cloudbasepredictor_164.apk,19203196,https://github.com/CloudbasePredictor/CloudbasePredictor,https://f-droid.org/en/packages/com.cloudbasepredictor/
GeauxWeather,com.geauxweather.app,Weather,1.0.16,GPL-3.0-or-later,https://f-droid.org/repo/com.geauxweather.app_17.apk,5432876,https://gitlab.com/tunefriend/geauxweather,https://f-droid.org/en/packages/com.geauxweather.app/
GeoWeather,com.freetime.geoweather,Weather,3.1.3,Apache-2.0,https://f-droid.org/repo/com.freetime.geoweather_71.apk,22483423,https://github.com/FreetimeMaker/GeoWeather,https://f-droid.org/en/packages/com.freetime.geoweather/
Deep Links for LabCoat,com.nomadlabs.labcoat.deeplinks,Code & Forge,1.0,Apache-2.0,https://f-droid.org/repo/com.nomadlabs.labcoat.deeplinks_1.apk,1375106,https://gitlab.com/nomadlabs/deeplinks,https://f-droid.org/en/packages/com.nomadlabs.labcoat.deeplinks/
gc,dev.scarf.gc,Code & Forge,1.0.2,AGPL-3.0-only,https://f-droid.org/repo/dev.scarf.gc_3.apk,59100,https://github.com/scarf005/gc,https://f-droid.org/en/packages/dev.scarf.gc/
Gitalchemy,com.thomas.pedot.gitlalchemy,Code & Forge,1.5.1,MIT,https://f-droid.org/repo/com.thomas.pedot.gitlalchemy_10050014.apk,13818001,https://gitlab.com/thomas.pedot1/gitlalchemy,https://f-droid.org/en/packages/com.thomas.pedot.gitlalchemy/
Alembicons,com.kaanelloed.iconeration,Icon Pack,2025.02.00,GPL-3.0-only,https://f-droid.org/repo/com.kaanelloed.iconeration_44.apk,7448394,https://codeberg.org/kaanelloed/Alembicons,https://f-droid.org/en/packages/com.kaanelloed.iconeration/
Ameixa,org.xphnx.ameixa,Icon Pack,4.11.1,GPL-3.0-only,https://f-droid.org/repo/org.xphnx.ameixa_4111.apk,20387366,https://gitlab.com/xphnx/ameixa,https://f-droid.org/en/packages/org.xphnx.ameixa/
Ameixa Monochrome,org.xphnx.ameixamonochrome,Icon Pack,4.11.1,GPL-3.0-only,https://f-droid.org/repo/org.xphnx.ameixamonochrome_4111.apk,15480358,https://gitlab.com/xphnx/ameixa,https://f-droid.org/en/packages/org.xphnx.ameixamonochrome/
500 - Multiplayer card game,io.github.rotundtapir.fivehundred,Card Game,0.6.5,GPL-3.0-or-later,https://f-droid.org/repo/io.github.rotundtapir.fivehundred_19.apk,16397233,https://github.com/rotundtapir/500,https://f-droid.org/en/packages/io.github.rotundtapir.fivehundred/
Blackjack,crypto.o0o0o0o0o.games.blackjack,Card Game,0.29.1,MIT,https://f-droid.org/repo/crypto.o0o0o0o0o.games.blackjack_4.apk,3487026,https://gitlab.com/RafferGames/Blackjack/android,https://f-droid.org/en/packages/crypto.o0o0o0o0o.games.blackjack/
Cards With Cats,com.dozingcatsoftware.cardswithcats,Card Game,1.4.4,GPL-3.0-only,https://f-droid.org/repo/com.dozingcatsoftware.cardswithcats_10.apk,64348929,https://github.com/dozingcat/CardsWithCats,https://f-droid.org/en/packages/com.dozingcatsoftware.cardswithcats/
Egyptian Mouse Pounce ,com.dozingcatsoftware.mouse_pounce,Card Game,1.5.0,GPL-3.0-only,https://f-droid.org/repo/com.dozingcatsoftware.mouse_pounce_9.apk,54557369,https://github.com/dozingcat/MousePounce,https://f-droid.org/en/packages/com.dozingcatsoftware.mouse_pounce/
Duetto,com.duetto,Voice & Video Chat,0.9.18,GPL-3.0-or-later,https://f-droid.org/repo/com.duetto_382.apk,29592179,https://gitlab.com/paolobenve/duetto,https://f-droid.org/en/packages/com.duetto/
Meshenger,d.d.meshenger,Voice & Video Chat,4.4.8,GPL-3.0-or-later,https://f-droid.org/repo/d.d.meshenger_448.apk,19379976,https://github.com/meshenger-app/meshenger-android,https://f-droid.org/en/packages/d.d.meshenger/
Auvae — growing close,de.attarsherz.auvae,Party Game,1.0.0,GPL-3.0-only,https://f-droid.org/repo/de.attarsherz.auvae_1.apk,1846566,https://gitlab.com/papewas/auvae-app,https://f-droid.org/en/packages/de.attarsherz.auvae/
Doda The Exploda,com.quaap.dodatheexploda,Party Game,0.3,GPL-3.0-or-later,https://f-droid.org/repo/com.quaap.dodatheexploda_3.apk,2619821,https://github.com/quaap/DodaTheExploda,https://f-droid.org/en/packages/com.quaap.dodatheexploda/
Eat Poop You Cat,dev.develsinthedetails.eatpoopyoucat,Party Game,1.4.6,GPL-3.0-only,https://f-droid.org/repo/dev.develsinthedetails.eatpoopyoucat_23.apk,4305441,https://github.com/JamesOsborn-SE/eat-poop-you-cat-android,https://f-droid.org/en/packages/dev.develsinthedetails.eatpoopyoucat/
Ewoc,io.github.ewoc2026.ewoc,Workout,1.0.4,GPL-3.0-or-later,https://f-droid.org/repo/io.github.ewoc2026.ewoc_8.apk,3972449,https://github.com/Ewoc2026/ewoc,https://f-droid.org/en/packages/io.github.ewoc2026.ewoc/
Gym Bott,com.exner.tools.gymbott,Workout,1.1.4,EUPL-1.2,https://f-droid.org/repo/com.exner.tools.gymbott_6.apk,4190769,https://codeberg.org/jexner/GymBott,https://f-droid.org/en/packages/com.exner.tools.gymbott/
GymLoga,com.mbosse.gymloga,Workout,1.2,AGPL-3.0-or-later,https://f-droid.org/repo/com.mbosse.gymloga_2.apk,5913110,https://github.com/GymLoga/GymLoga-Android,https://f-droid.org/en/packages/com.mbosse.gymloga/
Gotify,com.github.gotify,Push,2.10.1,MIT,https://f-droid.org/repo/com.github.gotify_36.apk,6837902,https://github.com/gotify/android,https://f-droid.org/en/packages/com.github.gotify/
NextcloudServices,com.polar.nextcloudservices,Push,1.1-beta20,GPL-3.0-only,https://f-droid.org/repo/com.polar.nextcloudservices_20.apk,6527667,https://github.com/Andrewerr/NextcloudServices,https://f-droid.org/en/packages/com.polar.nextcloudservices/
NextPush,org.unifiedpush.distributor.nextpush,Push,2.4.2,AGPL-3.0-only,https://f-droid.org/repo/org.unifiedpush.distributor.nextpush_54.apk,3229967,https://codeberg.org/NextPush/nextpush-android,https://f-droid.org/en/packages/org.unifiedpush.distributor.nextpush/
Fiddle Assistant,com.github.gschwind.fiddle_assistant,Music Practice Tool,1.1.0,GPL-3.0-or-later,https://f-droid.org/repo/com.github.gschwind.fiddle_assistant_110.apk,2013798,https://github.com/gschwind/fiddle-assistant,https://f-droid.org/en/packages/com.github.gschwind.fiddle_assistant/
GuitarFretboardTrainer,com.simonslater.guitarfretboardtrainer,Music Practice Tool,1.1,GPL-2.0-only,https://f-droid.org/repo/com.simonslater.guitarfretboardtrainer_2.apk,3567915,https://gitlab.com/pandagoespoop/guitarfretboardtrainer,https://f-droid.org/en/packages/com.simonslater.guitarfretboardtrainer/
HSTempo,hsware.neo,Music Practice Tool,1.3.0,GPL-3.0-only,https://f-droid.org/repo/hsware.neo_1.apk,1385496,https://github.com/danuo/hstempo-neo,https://f-droid.org/en/packages/hsware.neo/
audav,rocks.mm_dev.audav,Audiobook,0.0.9,GPL-3.0-only,https://f-droid.org/repo/rocks.mm_dev.audav_13.apk,28732427,https://codeberg.org/mm-dev/audav,https://f-droid.org/en/packages/rocks.mm_dev.audav/
AudioAnchor,com.prangesoftwaresolutions.audioanchor,Audiobook,2.6.0,GPL-3.0-only,https://f-droid.org/repo/com.prangesoftwaresolutions.audioanchor_33.apk,6102861,https://github.com/flackbash/AudioAnchor,https://f-droid.org/en/packages/com.prangesoftwaresolutions.audioanchor/
Homer Audio Player for Seniors,com.studio4plus.homerplayer2,Audiobook,1.5.13,MIT,https://f-droid.org/repo/com.studio4plus.homerplayer2_48.apk,4481827,https://github.com/msimonides/homerplayer2,https://f-droid.org/en/packages/com.studio4plus.homerplayer2/
Compose Stopwatch,com.justdeax.composeStopwatch,Stopwatch,1.9.1,Apache-2.0,https://f-droid.org/repo/com.justdeax.composeStopwatch_1009011.apk,1451410,https://github.com/JustDeax/ComposeStopwatch,https://f-droid.org/en/packages/com.justdeax.composeStopwatch/
Stopwatch,com.github.muellerma.stopwatch,Stopwatch,1.7,Apache-2.0,https://f-droid.org/repo/com.github.muellerma.stopwatch_8.apk,775236,https://github.com/mueller-ma/Stopwatch,https://f-droid.org/en/packages/com.github.muellerma.stopwatch/
ArtNet Receiver,de.nkoeppel.artnet_receiver,Network Analyzer,1.0.1,GPL-3.0-or-later,https://f-droid.org/repo/de.nkoeppel.artnet_receiver_1.apk,5578573,https://gitlab.com/nkoeppel/artnet-receiver,https://f-droid.org/en/packages/de.nkoeppel.artnet_receiver/
FairSpeed - Speed Tester,org.fairspeed.test,Network Analyzer,1.0.3,AGPL-3.0-or-later,https://f-droid.org/repo/org.fairspeed.test_4.apk,3058985,https://git.naxod.com/luca/fairspeed,https://f-droid.org/en/packages/org.fairspeed.test/
Network Scanner - WiFi & IP,com.networkscanner.app,Network Analyzer,1.1.9,GPL-3.0-only,https://f-droid.org/repo/com.networkscanner.app_14.apk,3350443,https://github.com/usamaiqb/network-scanner,https://f-droid.org/en/packages/com.networkscanner.app/
Minimal Currency Converter,com.simonimal.minimalcurconv,Unit Convertor,1.0,AGPL-3.0-only,https://f-droid.org/repo/com.simonimal.minimalcurconv_1.apk,2379346,https://github.com/simone-05/currency-converter-app,https://f-droid.org/en/packages/com.simonimal.minimalcurconv/
Cow's Revenge,org.pipoypipagames.cowsrevenge,Platformer Game,1.0.5,GPL-3.0-only,https://f-droid.org/repo/org.pipoypipagames.cowsrevenge_9.apk,16506177,https://github.com/Dariasteam/Cows-Revenge,https://f-droid.org/en/packages/org.pipoypipagames.cowsrevenge/
DuckRun,de.informationsanarchistik.teapot.megamichi.duckrun,Platformer Game,3.1.1,AGPL-3.0-only,https://f-droid.org/repo/de.informationsanarchistik.teapot.megamichi.duckrun_311.apk,58430360,https://teapot.informationsanarchistik.de/Megamichi/DuckRun,https://f-droid.org/en/packages/de.informationsanarchistik.teapot.megamichi.duckrun/
Egg Returns Home,com.yepgoryo.EggReturnsHome,Platformer Game,1.6,CC0-1.0,https://f-droid.org/repo/com.yepgoryo.EggReturnsHome_1.apk,86888555,https://github.com/yepgoryo/EggReturnsHome,https://f-droid.org/en/packages/com.yepgoryo.EggReturnsHome/
MicroPinner,de.dotwee.micropinner,Theming,v2.2.0,WTFPL,https://f-droid.org/repo/de.dotwee.micropinner_29.apk,855914,https://github.com/dotWee/MicroPinner,https://f-droid.org/en/packages/de.dotwee.micropinner/
Night Mode Enabler,org.michaelevans.nightmodeenabler,Theming,1.0,Apache-2.0,https://f-droid.org/repo/org.michaelevans.nightmodeenabler_1.apk,1271476,https://github.com/MichaelEvans/NightModeEnabler,https://f-droid.org/en/packages/org.michaelevans.nightmodeenabler/
INSTEAD,org.emunix.insteadlauncher,Visual Novel,0.9.2,MIT,https://f-droid.org/repo/org.emunix.insteadlauncher_90200.apk,25375781,https://github.com/btimofeev/instead-launcher-android/,https://f-droid.org/en/packages/org.emunix.insteadlauncher/
Katawa Shoujo: Re-Engineered,sh.fhs.ksre,Visual Novel,2.0.5,MPL-2.0,https://f-droid.org/repo/sh.fhs.ksre_205.apk,1480381082,https://codeberg.org/fhs/katawa-shoujo-re-engineered,https://f-droid.org/en/packages/sh.fhs.ksre/
RE:INSTEAD,ru.hugeping.reinstead,Visual Novel,0.10,MIT,https://f-droid.org/repo/ru.hugeping.reinstead_10.apk,7725917,https://github.com/instead-hub/reinstead-android,https://f-droid.org/en/packages/ru.hugeping.reinstead/
